PName,PNumber,PLocation,PHeight,PWeight,PBirth,PContract,PCurrent_salary,PTeam
克里斯-保罗,3,G,1.83米/6尺0,79公斤/175磅,1985-05-06,4年1.6亿美元，2018年夏天签，2022年夏天到期,3565,休斯顿火箭
詹姆斯-哈登,13,G,1.96米/6尺5,100公斤/220磅,1989-08-26,2016年夏天在旧合同期内以4年1.18亿美元提前续约至2020年，2017年夏天再次以4年1.7亿美元提前续约至2023年，2022-23赛季球员选项,3043,休斯顿火箭
克林特-卡佩拉,15,C,2.11米/6尺11,109公斤/240磅,1994-05-18,5年9000万美元，2018年夏天签，2023年夏天到期，其中8000万美元保障，每赛季火箭进入西决奖励100万美元，防守篮板率达到30%、罚球命中率达到65%各奖励50万美元,1379,休斯顿火箭
埃里克-戈登,10,G,1.93米/6尺4,98公斤/215磅,1988-12-25,4年5289万美元，2016年夏天签，2020年夏天到期。,1350,休斯顿火箭
伊曼-香珀特,1,G,1.96米/6尺5,100公斤/220磅,1990-06-26,4年4000万美元，2015年夏天签，2019年夏天到期，2018-19赛季球员选项（已执行）,1101,休斯顿火箭
PJ-塔克,17,F,1.98米/6尺6,111公斤/245磅,1985-05-05,4年3188万美元，2017年夏天签，2021年夏天到期，2020-21赛季257万美元保障，2020年7月1日之前不被裁则转为全额保障,797,休斯顿火箭
内内,42,C-F,2.11米/6尺11,113公斤/250磅,1982-09-13,3年1095万美元，2017年夏天签，2020年夏天到期,365,休斯顿火箭
杰拉德-格林,14,G-F,2.01米/6尺7,93公斤/205磅,1986-01-26,1年240万美元，2018年夏天签，2019年夏天到期,240,休斯顿火箭
奥斯汀-里弗斯,25,G,1.93米/6尺4,91公斤/200磅,1992-08-01,1年116万美元，2018年12月签，2019年夏天到期,116,休斯顿火箭
肯尼思-法里德,35,F-C,2.03米/6尺8,103公斤/228磅,1989-11-19,1年92万美元，2019年1月签，2019年夏天到期,92,休斯顿火箭
以赛亚-哈尔滕施泰因,55,F-C,2.13米/7尺0,113公斤/249磅,1998-05-05,3年392万美元，2018年夏天签，2021年夏天到期,84,休斯顿火箭
加里-克拉克,6,F,2.03米/6尺8,102公斤/225磅,1994-11-16,3年367万美元，2018年12月签，其中19-20赛季50%保障，20-21赛季为无保障合同，2021年夏天到期,60,休斯顿火箭
丹纽尔-豪斯,4,G,2.01米/6尺7,98公斤/215磅,1993-06-07,双向合同,7,休斯顿火箭
文森特-爱德华兹,12,F,2.03米/6尺8,102公斤/225磅,1996-04-05,双向合同,7,休斯顿火箭
特伦斯-琼斯,9,F,2.06米/6尺9,114公斤/252磅,1992-01-09,,,休斯顿火箭
德马尔-德罗赞,10,G,2.01米/6尺7,100公斤/220磅,1989-08-07,5年1.38亿美元，2016年夏天签，2021年夏天到期,2794,圣安东尼奥马刺
拉马库斯-阿尔德里奇,12,F,2.11米/6尺11,118公斤/260磅,1985-07-19,4年8407万美元，2015年夏天签，2019年夏天到期，2018-19赛季球员选项；2017年10月以3年7230万美元提前续约，2018年夏天生效，2021年到期，如果2020年6月29日之前被裁,2235,圣安东尼奥马刺
帕蒂-米尔斯,8,G,1.83米/6尺0,84公斤/185磅,1988-08-11,4年5000万美元，2017年夏天签，2021年夏天到期,1205,圣安东尼奥马刺
鲁迪-盖伊,22,F,2.03米/6尺8,104公斤/230磅,1986-08-17,1年1008万美元，2018年夏天签，2019年夏天到期,1008,圣安东尼奥马刺
戴维斯-贝尔坦斯,42,F,2.08米/6尺10,95公斤/210磅,1992-11-12,2年1450万美元，2018年夏天签，2020年夏天到期,700,圣安东尼奥马刺
马科-贝里内利,18,G-F,1.96米/6尺5,95公斤/210磅,1986-03-25,2年1200万美元，2018年夏天签，2020年夏天到期,615,圣安东尼奥马刺
布林-福布斯,11,G,1.91米/6尺3,86公斤/190磅,1993-07-23,2年600万美元，2018年夏天签，2020年夏天到期,313,圣安东尼奥马刺
雅各布-珀尔特尔,25,C,2.13米/7尺0,104公斤/230磅,1995-10-15,4年1223万美元，2016年夏天签，2020年夏天到期，2018-19赛季、2019-20赛季球队选项,295,圣安东尼奥马刺
丹特-坎宁安,33,F,2.03米/6尺8,104公斤/230磅,1987-04-22,1年248万美元，2018年夏天签，2019年夏天到期,248,圣安东尼奥马刺
朗尼-沃克,1,G,1.96米/6尺5,93公斤/204磅,1998-12-14,4年1246万美元，2018年夏天签，2022年夏天到期，2020年和2021年球队选项,236,圣安东尼奥马刺
昆西-庞德塞特,3,F,2.01米/6尺7,102公斤/225磅,1988-03-10,1年217万美元，2018年夏天签，2019年夏天到期,217,圣安东尼奥马刺
德里克-怀特,4,G,1.96米/6尺5,91公斤/200磅,1994-07-02,4年854万美元，2017年夏天签，2021年夏天到期，2019-20、2020-21赛季球队选项,167,圣安东尼奥马刺
德章泰-默里,5,G,1.96米/6尺5,77公斤/170磅,1996-09-19,4年602万美元，2016年夏天签，2020年夏天到期，2018-19赛季、2019-20赛季球队选项,129,圣安东尼奥马刺
奇梅齐耶-梅图,7,F,2.08米/6尺10,102公斤/225磅,1997-03-22,3年392万美元，2018年夏天签，2021年夏天到期,84,圣安东尼奥马刺
本-摩尔,26,F,2.03米/6尺8,100公斤/220磅,1995-05-13,双向合同,7,圣安东尼奥马刺
德鲁-尤班克斯,14,F,2.08米/6尺10,113公斤/250磅,1997-02-01,双向合同,7,圣安东尼奥马刺
朱-霍勒迪,11,G,1.93米/6尺4,93公斤/205磅,1990-06-12,5年1.31亿美元，2017年夏天签，2022年夏天到期，2021-22赛季球员选项，激励奖金,2613,新奥尔良鹈鹕
安东尼-戴维斯,23,F-C,2.08米/6尺10,115公斤/253磅,1993-03-11,5年1.3亿美元，2015年夏天签，2016年夏天生效，2021年夏天到期，2020-21赛季球员选项,2543,新奥尔良鹈鹕
所罗门-希尔,44,F,2.01米/6尺7,102公斤/225磅,1991-03-18,4年4800万美元，2016年夏天签，2020年夏天到期,1225,新奥尔良鹈鹕
伊托万-摩尔,55,G,1.93米/6尺4,87公斤/191磅,1989-02-25,4年3400万美元，2016年夏天签，2020年夏天到期,881,新奥尔良鹈鹕
朱利叶斯-兰德尔,30,F,2.06米/6尺9,113公斤/250磅,1994-11-29,2年1771万美元，2018年夏天签，2020年夏天到期,864,新奥尔良鹈鹕
杰森-史密斯,14,F-C,2.13米/7尺0,109公斤/240磅,1986-03-02,3年1568万美元，2016年夏天签，2019年夏天到期,545,新奥尔良鹈鹕
斯坦利-约翰逊,3,F,2.01米/6尺7,111公斤/245磅,1996-05-29,4年1285万美元，2015年夏天签，2019年夏天到期，2017-18赛季、2018-19赛季球队选项,394,新奥尔良鹈鹕
埃尔弗里德-佩顿,4,G,1.93米/6尺4,84公斤/185磅,1994-02-22,1年270万美元，2018年夏天签，2019年夏天到期,270,新奥尔良鹈鹕
达柳斯-米勒,21,F,2.03米/6尺8,102公斤/225磅,1990-03-21,2年431万美元，2017年夏天签，2019年夏天到期，2018-19赛季无保障，2018年6月28日之前不被裁则转为30万美元保障，2018年7月4日之前不被裁则转为全额保障,221,新奥尔良鹈鹕
伊恩-克拉克,2,G,1.91米/6尺3,79公斤/175磅,1991-03-07,1年176万美元，2018年夏天签，2019年夏天到期,176,新奥尔良鹈鹕
贾利尔-奥卡福,8,C,2.11米/6尺11,125公斤/275磅,1995-12-15,2年327万美元，2018年夏天签，2020年夏天到期,157,新奥尔良鹈鹕
谢赫-迪亚洛,13,F,2.06米/6尺9,100公斤/220磅,1996-09-13,3年250万美元，2016年夏天签，2019年夏天到期，2018-19赛季50万美元保障，常规赛开始前不被裁则转为全额保障,152,新奥尔良鹈鹕
弗兰克-杰克逊,15,G,1.91米/6尺3,93公斤/205磅,1998-05-04,3年381万美元，2017年夏天签，2020年夏天到期，2019-20赛季50.6万美元保障,138,新奥尔良鹈鹕
肯里奇-威廉姆斯,34,G-F,2.01米/6尺7,95公斤/209磅,1994-12-02,2年228万美元，2018年夏天签，2020年夏天到期,84,新奥尔良鹈鹕
特雷旺-布卢伊特,5,G,1.96米/6尺5,98公斤/215磅,1994-11-04,双向合同,7,新奥尔良鹈鹕
达里斯-贝尔坦,9,G,1.93米/6尺4,83公斤/183磅,1989-09-09,,,新奥尔良鹈鹕
迈克-康利,11,G,1.85米/6尺1,79公斤/175磅,1987-10-11,5年1.53亿美元，2016年夏天签，2021年夏天到期,3052,孟菲斯灰熊
钱德勒-帕森斯,25,F,2.08米/6尺10,104公斤/230磅,1988-10-25,4年9444万美元，2016年夏天签，2020年夏天到期,2411,孟菲斯灰熊
约纳斯-瓦兰丘纳斯,17,C,2.13米/7尺0,116公斤/255磅,1992-05-06,4年6400万美元，2016年夏天签，2020年夏天到期，2019-20赛季球员选项,1654,孟菲斯灰熊
埃弗里-布拉德利,0,G,1.88米/6尺2,82公斤/180磅,1990-11-26,2年2496万美元，2018年夏天签，2020年夏天到期，其中1400万美元受保障，2019-20赛季200万受保障，如果在2019年7月3日前不被裁则转为全额保障,1200,孟菲斯灰熊
凯尔-安德森,1,F,2.06米/6尺9,104公斤/230磅,1993-09-20,4年3716万美元，2018年夏天签，2022年夏天到期,864,孟菲斯灰熊
CJ-迈尔斯,6,F-G,1.98米/6尺6,102公斤/225磅,1987-03-18,3年2500万美元，2017年夏天签，2020年夏天到期，2019-2020赛季球员选项,833,孟菲斯灰熊
小贾伦-杰克逊,13,F,2.11米/6尺11,110公斤/242磅,1999-09-15,4年2928万美元，2018年夏天签，2022年夏天到期,591,孟菲斯灰熊
贾斯廷-霍勒迪,7,G,1.98米/6尺6,84公斤/185磅,1989-04-05,2年900万美元，2017年夏天签，2019年夏天到期,438,孟菲斯灰熊
德朗-赖特,2,G,1.96米/6尺5,86公斤/190磅,1992-04-26,4年727万美元，2015年夏天签，2019年夏天到期，2017-18赛季、2018-19赛季球队选项,254,孟菲斯灰熊
乔金-诺阿,55,C,2.11米/6尺11,104公斤/230磅,1985-02-25,1年173万美元。2018年12月签，2019年夏天到期。,173,孟菲斯灰熊
泰勒-多西,22,G,1.93米/6尺4,83公斤/183磅,1996-02-18,2年219万美元，2017年夏天签，2019年夏天到期,138,孟菲斯灰熊
狄龙-布鲁克斯,24,G-F,1.98米/6尺6,102公斤/225磅,1996-01-22,3年381万美元，2017年夏天签，2020年夏天到期，2019-20赛季无保障，2019年7月5日之前不被裁则转为全额保障 ,138,孟菲斯灰熊
伊万-拉布,10,F,2.08米/6尺10,100公斤/220磅,1997-02-04,3年395万美元，2017年夏天签，2020年夏天到期，2019-20赛季球队选项,138,孟菲斯灰熊
杰文-卡特,3,G,1.88米/6尺2,91公斤/200磅,1995-09-14,2年226万美元，2018年夏天签，2020年夏天到期,84,孟菲斯灰熊
布鲁诺-卡博克洛,5,F,2.06米/6尺9,93公斤/205磅,1995-09-21,2年237万美元，2019年2月签，2020年夏天到期，2019-20赛季无保障,52,孟菲斯灰熊
朱利安-沃什伯恩,4,G-F,2.03米/6尺8,93公斤/205磅,1991-12-18,双向合同,7,孟菲斯灰熊
渡边雄太,12,G-F,2.06米/6尺9,93公斤/205磅,1994-10-13,双向合同,7,孟菲斯灰熊
小蒂姆-哈达威,11,F-G,1.98米/6尺6,93公斤/205磅,1992-03-16,4年7095万美元，2017年夏天签，2021年夏天到期，15%交易保证金，2020-2021赛季球员选项,1733,达拉斯独行侠
考特尼-李,1,G,1.96米/6尺5,91公斤/200磅,1985-10-03,4年4800万美元，2016年夏天签，2020年夏天到期,1225,达拉斯独行侠
德怀特-鲍威尔,7,F-C,2.11米/6尺11,109公斤/240磅,1991-07-20,4年3700万美元，2016年夏天签，2020年夏天到期，2019-20赛季球员选项,956,达拉斯独行侠
卢卡-东契奇,77,G-F,2.03米/6尺8,103公斤/228磅,1999-02-28,4年3246万美元，2018年夏天签，2022年夏天到期，2020和2021年球队选项,656,达拉斯独行侠
克里斯塔普斯-波尔津吉斯,6,F-C,2.21米/7尺3,109公斤/240磅,1995-08-02,4年1865万美元，2015年夏天签，2019年夏天到期，2017-18赛季、2018-19赛季球队选项,570,达拉斯独行侠
德克-诺维茨基,41,F,2.13米/7尺0,111公斤/245磅,1978-06-19,1年500万美元，2018年夏天签，2019年夏天到期,500,达拉斯独行侠
何塞-巴里亚,5,G,1.83米/6尺0,84公斤/185磅,1984-06-26,4年1600万美元，2015年夏天签，2019年夏天到期,371,达拉斯独行侠
贾斯廷-杰克逊,44,F,2.03米/6尺8,95公斤/210磅,1995-03-28,4年1348万美元，2017年夏天签，2021年夏天到期，2019-20赛季、2020-21赛季球队选项,281,达拉斯独行侠
德文-哈里斯,34,G,1.91米/6尺3,84公斤/185磅,1983-02-27,1年239万美元，2018年夏天签，2019年夏天到期,239,达拉斯独行侠
特雷-伯克,23,G,1.85米/6尺1,87公斤/191磅,1992-11-12,2年258万美元，2018年1月签，2019年夏天到期,180,达拉斯独行侠
马克西-克勒贝尔,42,F,2.11米/6尺11,100公斤/220磅,1992-01-29,2年219万美元，2017年夏天签，2019年夏天到期，2018-19赛季球队选项/无保障， 2017年7月15日之前不被裁则转为全额保障,138,达拉斯独行侠
杰伦-布伦森,13,G,1.91米/6尺3,86公斤/190磅,1996-08-31,4年611万美元，2018年夏天签，2022年夏天到期，其中431万美元受保障，2021-22赛季无保障,123,达拉斯独行侠
多里安-芬尼-史密斯,10,F,2.03米/6尺8,100公斤/220磅,1993-05-04,3年250万美元，2016年夏天签，2019年夏天到期,105,达拉斯独行侠
瑞安-布罗科夫,45,G-F,2.01米/6尺7,98公斤/215磅,1990-08-23,2年240万美元，2018年夏天签，2020年夏天到期，其中2019-20赛季无保障,84,达拉斯独行侠
萨拉赫-梅杰里,50,C,2.18米/7尺2,111公斤/245磅,1986-06-15,1年53万美元，2019年2月签，2019年夏天到期,53,达拉斯独行侠
达里尔-梅肯,3,G,1.91米/6尺3,84公斤/185磅,1995-11-29,双向合同,7,达拉斯独行侠
科斯塔斯-阿德托昆博,37,F,2.08米/6尺10,88公斤/195磅,1997-11-20,双向合同,7,达拉斯独行侠
斯蒂芬-库里,30,G,1.91米/6尺3,86公斤/190磅,1988-03-14,5年2.01亿美元，2017年夏天签，2022年夏天到期，15%交易保证金,3746,金州勇士
凯文-杜兰特,35,F,2.06米/6尺9,109公斤/240磅,1988-09-29,2年6150万美元，2018年夏天签，2020年夏天到期，2019年球员选项,3000,金州勇士
克莱-汤普森,11,G,2.01米/6尺7,98公斤/215磅,1990-02-08,4年6900万美元，2014年10月签，2015年夏天生效，2019年夏天到期,1899,金州勇士
德雷蒙德-格林,23,F,2.01米/6尺7,104公斤/230磅,1990-03-04,5年8200万美元，2015年夏天签，2020年夏天到期,1747,金州勇士
安德烈-伊格达拉,9,G-F,1.98米/6尺6,98公斤/215磅,1984-01-28,3年4800万美元，2017年夏天签，2020年夏天到期,1600,金州勇士
肖恩-利文斯顿,34,G,2.01米/6尺7,87公斤/192磅,1985-09-11,3年2369万美元，2017年夏天签，2020年夏天到期，2019-20赛季200万美元保障，2019年6月30日之前不被裁则转为全额保障,831,金州勇士
德马库斯-考辛斯,0,C,2.11米/6尺11,122公斤/270磅,1990-08-13,1年534万美元，2018年夏天签，2019年夏天到期,534,金州勇士
约纳斯-杰雷布科,21,F,2.08米/6尺10,105公斤/231磅,1987-03-02,1年217万美元，2018年夏天签，2019年夏天到期,217,金州勇士
雅各布-埃文斯,10,G,1.98米/6尺6,95公斤/210磅,1997-06-18,4年922万美元，2018年夏天签，2022年夏天到期，其中2021年2022年俱乐部选项,164,金州勇士
凯文-卢尼,5,F,2.06米/6尺9,100公斤/220磅,1996-02-06,1年157万美元，2018年夏天签，2019年夏天到期,157,金州勇士
奎因-库克,4,G,1.88米/6尺2,81公斤/179磅,1993-03-23,2年156万美元，2018年4月签，2019年夏天到期,154,金州勇士
乔丹-贝尔,2,F,2.03米/6尺8,102公斤/225磅,1995-01-07,2年219万美元，2017年夏天签，2019年夏天到期,138,金州勇士
阿方索-麦金尼,28,F,2.03米/6尺8,98公斤/215磅,1992-09-17,2年277万美元，2018年夏天签，2020年夏天到期,135,金州勇士
达米安-琼斯,15,C,2.13米/7尺0,111公斤/245磅,1995-06-30,4年598万美元，2016年夏天签，2020年夏天到期，2018-19赛季、2019-20赛季球队选项,128,金州勇士
马库斯-德里克森,32,F,2.01米/6尺7,113公斤/249磅,1996-02-01,双向合同,7,金州勇士
达米恩-李,1,G,1.98米/6尺6,95公斤/210磅,1992-10-21,双向合同,7,金州勇士
安德鲁-博古特,12,C,2.13米/7尺0,118公斤/260磅,1984-11-28,,,金州勇士
达尼罗-加里纳利,8,F,2.08米/6尺10,102公斤/225磅,1988-08-08,3年6477万美元，2017年夏天签，2020年夏天到期,2159,洛杉矶快船
威尔森-钱德勒,22,F,2.03米/6尺8,102公斤/225磅,1987-05-10,4年4650万美元，2015年夏天签，2019年夏天到期,1280,洛杉矶快船
路易斯-威廉姆斯,23,G,1.85米/6尺1,79公斤/175磅,1986-10-27,3年2400万美元，2018年夏天签，2021年夏天到期,800,洛杉矶快船
加莱特-坦普尔,17,G-F,1.98米/6尺6,88公斤/195磅,1986-05-08,3年2400万美元，2016年夏天签，2019年夏天到期,800,洛杉矶快船
杰迈克尔-格林,4,F,2.06米/6尺9,103公斤/227磅,1990-06-21,2年1640万美元，2017年夏天签，2019年夏天到期,787,洛杉矶快船
蒙特雷兹-哈勒尔,5,F-C,2.03米/6尺8,109公斤/240磅,1994-01-26,2年1200万美元，2018年夏天签，2020年夏天到期,600,洛杉矶快船
帕特里克-贝弗利,21,G,1.85米/6尺1,84公斤/185磅,1988-07-12,4年2303万美元，2015年夏天签，2019年夏天到期，2018-19赛季无保障,503,洛杉矶快船
卢克-理查德-巴莫特,12,F,2.03米/6尺8,104公斤/230磅,1986-09-09,1年432万美元，2018年夏天签，2019年夏天到期,432,洛杉矶快船
谢伊-吉尔杰斯-亚历山大,2,G,1.98米/6尺6,82公斤/180磅,1998-07-12,4年1696万美元，2018年夏天签，2022年夏天到期，2020-21赛季及2021-22赛季球队选项,337,洛杉矶快船
杰罗姆-罗宾逊,10,G,1.96米/6尺5,86公斤/190磅,1997-02-22,4年1569万美元，2018年夏天签，2022年夏天到期，2020-21赛季及2021-22赛季球队选项,305,洛杉矶快船
兰德里-沙梅特,20,G,1.93米/6尺4,82公斤/180磅,1997-03-13,4年955万美元，2018年夏天签，2022年夏天到期，2020年和2021年球队选项,170,洛杉矶快船
辛达里厄斯-桑韦尔,0,G,1.96米/6尺5,98公斤/215磅,1994-11-15,3年381万美元，2017年夏天签，2020年夏天到期，2019-20赛季无保障,138,洛杉矶快船
蒂龙-华莱士,9,G,1.96米/6尺5,90公斤/198磅,1994-06-10,2年294万美元，2018年夏天签，2020年夏天到期,135,洛杉矶快船
伊维察-祖巴茨,40,C,2.16米/7尺1,109公斤/240磅,1997-03-18,3年324万美元，2016年夏天签，2019年夏天到期，2018-19赛季无保障。,113,洛杉矶快船
乔纳森-莫特利,15,F,2.08米/6尺10,104公斤/230磅,1995-05-04,双向合同,7,洛杉矶快船
安吉尔-德尔加多,31,C,2.08米/6尺10,109公斤/240磅,1994-11-20,双向合同,7,洛杉矶快船
贾斯廷-比布斯,40,G,1.96米/6尺5,100公斤/220磅,1996-01-14,,,洛杉矶快船
哈里森-巴恩斯,40,F,2.03米/6尺8,102公斤/225磅,1992-05-30,4年9400万美元，2016年夏天签，2020年夏天到期，2019-20赛季球员选项,2411,萨克拉门托国王
亚历克-伯克斯,13,G,1.98米/6尺6,97公斤/214磅,1991-07-20,4年4100万美元，2014年10月签，2015年夏天生效，2019年夏天到期,1154,萨克拉门托国王
科斯塔-库佛斯,41,C,2.13米/7尺0,120公斤/265磅,1989-02-24,4年3288万美元，2015年夏天签，2019年夏天到期,874,萨克拉门托国王
波格丹-波格丹诺维奇,8,G,1.98米/6尺6,93公斤/205磅,1992-08-18,3年2700万美元，2017年夏天签，2020年夏天到期,853,萨克拉门托国王
马文-巴格利,35,F,2.11米/6尺11,107公斤/235磅,1999-03-14,4年3613万美元，2018年夏天签，2022年夏天到期，2020-21赛季及2021-22赛季球队选项,730,萨克拉门托国王
内马尼亚-别利察,88,F,2.08米/6尺10,102公斤/225磅,1988-05-09,3年2047万美元，2018年夏天签，2021年夏天到期，其中1332万受保障，2020-21赛季无保障,650,萨克拉门托国王
达龙-福克斯,5,G,1.91米/6尺3,79公斤/175磅,1997-12-20,4年2457万美元，2017年夏天签，2021年夏天到期，2019-20、2020-21赛季球队选项,547,萨克拉门托国王
威利-考利-斯坦,00,C,2.13米/7尺0,109公斤/240磅,1993-08-18,4年1535万美元，2015年夏天签，2019年夏天到期，2017-18赛季、2018-19赛季球队选项,470,萨克拉门托国王
巴迪-希尔德,24,G,1.93米/6尺4,97公斤/214磅,1992-12-17,4年1589万美元，2016年夏天签，2020年夏天到期，2018-19赛季、2019-20赛季球队选项,383,萨克拉门托国王
约吉-费雷尔,3,G,1.83米/6尺0,82公斤/180磅,1993-05-09,2年615万美元，2018年夏天签，2020年夏天到期,300,萨克拉门托国王
哈里-贾尔斯,20,F-C,2.08米/6尺10,109公斤/240磅,1998-04-22,4年1062万美元，2017年夏天签，2021年夏天到期，2019-20、2020-21赛季球队选项,221,萨克拉门托国王
凯莱布-斯瓦尼根,50,F,2.03米/6尺8,113公斤/250磅,1997-04-18,4年890万美元，2017年夏天签，2021年夏天到期，2019-20、2020-21赛季球队选项,174,萨克拉门托国王
弗兰克-梅森,10,G,1.83米/6尺0,86公斤/190磅,1994-04-03,3年418万美元，2017年夏天签，2020年夏天到期，2019-20赛季无保障，2019年10月15日之前不被裁则转为全额保障 ,138,萨克拉门托国王
韦尼恩-加布里埃尔,32,F,2.06米/6尺9,97公斤/213磅,1997-03-26,双向合同,7,萨克拉门托国王
特洛伊-威廉姆斯,19,G-F,2.01米/6尺7,95公斤/210磅,1994-12-30,双向合同,7,萨克拉门托国王
科里-布鲁尔,33,F,2.06米/6尺9,84公斤/186磅,1986-03-05,,,萨克拉门托国王
勒布朗-詹姆斯,23,F-G,2.03米/6尺8,113公斤/250磅,1984-12-30,,3565,洛杉矶湖人
肯塔维厄斯-考德威尔-波普,1,G,1.96米/6尺5,93公斤/205磅,1993-02-18,1年1200万美元，2018年夏天签，2019年夏天到期，15%的交易保证金,1200,洛杉矶湖人
拉简-隆多,9,G,1.85米/6尺1,84公斤/186磅,1986-02-22,1年900万美元，2018年夏天签，2019年夏天到期,900,洛杉矶湖人
朗佐-鲍尔,2,G,1.98米/6尺6,86公斤/190磅,1997-10-27,4年3347万美元，2017年夏天签，2021年夏天到期，2019-20、2020-21赛季球队选项,746,洛杉矶湖人
布兰登-英格拉姆,14,F,2.06米/6尺9,86公斤/190磅,1997-09-02,4年2382万美元，2016年夏天签，2020年夏天到期，2018-19赛季、2019-20赛季球队选项,576,洛杉矶湖人
迈克-穆斯卡拉,31,F-C,2.11米/6尺11,109公斤/240磅,1991-07-01,2年1000万美元，2017年夏天签，2019年夏天到期，2018-2019赛季球员选项,500,洛杉矶湖人
兰斯-史蒂芬森,6,G,1.96米/6尺5,104公斤/230磅,1990-09-05,1年445万美元，2018年夏天签，2019年夏天到期,445,洛杉矶湖人
雷吉-布洛克,35,F,2.01米/6尺7,93公斤/205磅,1991-03-16,2年500万美元，2017年夏天签，2019年夏天到期，2018-2019赛季无保障，2018年7月15日之前不被裁则转为全额保障,250,洛杉矶湖人
贾维尔-麦基,7,C,2.13米/7尺0,122公斤/270磅,1988-01-19,1年239万美元，2018年夏天签，2019年夏天到期,239,洛杉矶湖人
泰森-钱德勒,5,C,2.16米/7尺1,109公斤/240磅,1982-10-02,1年211万美元。2018年11月签，2019年夏天到期。,211,洛杉矶湖人
莫里茨-瓦格纳,15,C-F,2.11米/6尺11,109公斤/240磅,1997-04-26,4年987万美元，2018年夏天签，2022年夏天到期，2020-21、2021-22赛季球队选项,176,洛杉矶湖人
凯尔-库兹马,0,F,2.06米/6尺9,100公斤/220磅,1995-07-24,4年874万美元，2017年夏天签，2021年夏天到期，2019-20、2020-21赛季球队选项,169,洛杉矶湖人
约什-哈特,3,G,1.96米/6尺5,98公斤/215磅,1995-03-06,4年847万美元，2017年夏天签，2021年夏天到期，2019-20、2020-21赛季球队选项,166,洛杉矶湖人
伊萨克-邦加,17,G,2.03米/6尺8,81公斤/179磅,1999-11-08,3年408万美元，2018年夏天签，2021年夏天到期，2020-21赛季无保障,100,洛杉矶湖人
乔纳森-威廉姆斯,19,F,2.06米/6尺9,103公斤/228磅,1995-05-22,1年84万美元，2018年夏天签，2019年夏天到期,84,洛杉矶湖人
亚历克斯-卡鲁索,4,G,1.96米/6尺5,84公斤/186磅,1994-02-28,双向合同,7,洛杉矶湖人
安德烈-英格拉姆,20,G,1.91米/6尺3,83公斤/184磅,1985-11-19,,,洛杉矶湖人
泰勒-约翰逊,16,G,1.93米/6尺4,84公斤/186磅,1992-05-07,4年5000万美元，2016年夏天签，2020年夏天到期，2019-20赛季球员选项，15%的交易保证金,1886,菲尼克斯太阳
TJ-沃伦,12,F,2.03米/6尺8,102公斤/225磅,1993-09-05,4年972万美元，2014年夏天签，2018年夏天到期，2016-17赛季、2017-18赛季球队选项（已执行），2017年9月以4年4700万美元提前续约，2018年夏天生效，2022年夏天到期,1175,菲尼克斯太阳
德安德烈-艾顿,22,C,2.16米/7尺1,118公斤/260磅,1998-07-23,4年4037万美元，2018年夏天签，2022年夏天到期，2020-21赛季及2021-22赛季球队选项,816,菲尼克斯太阳
约什-杰克逊,20,F,2.03米/6尺8,93公斤/205磅,1997-02-10,4年2712万美元，2017年夏天签，2021年夏天到期，2019-20、2020-21赛季球队选项,604,菲尼克斯太阳
德拉甘-本德尔,35,F,2.16米/7尺1,102公斤/225磅,1997-11-17,4年1930万美元，2016年夏天签，2020年夏天到期，2018-19赛季、2019-20赛季球队选项,466,菲尼克斯太阳
米卡尔-布里奇斯,25,F,2.01米/6尺7,95公斤/209磅,1996-08-30,4年1763万美元，2018年夏天签，2022年夏天到期，2020-21赛季及2021-22赛季球队选项,355,菲尼克斯太阳
特洛伊-丹尼尔斯,30,G,1.93米/6尺4,93公斤/205磅,1991-07-15,3年1000万美元，2016年夏天签，2019年夏天到期,348,菲尼克斯太阳
德文-布克,1,G,1.98米/6尺6,93公斤/206磅,1996-10-30,,331,菲尼克斯太阳
凯利-乌布雷,3,F,2.01米/6尺7,93公斤/205磅,1995-12-09,4年923万美元，2015年夏天签，2019年夏天到期，2017-18赛季、2018-19赛季球队选项,321,菲尼克斯太阳
贾马尔-克劳福德,11,G,1.96米/6尺5,88公斤/195磅,1980-03-20,1年240万美元，2018年夏天签，2019年夏天到期,240,菲尼克斯太阳
里乔恩-霍姆斯,21,F-C,2.08米/6尺10,111公斤/245磅,1993-10-15,4年517万美元，2015年夏天签，2019年夏天到期，2017-18赛季无保障，2018年6月29日前球队选项 ,160,菲尼克斯太阳
埃利-奥科博,2,G,1.88米/6尺2,82公斤/180磅,1997-10-23,3年572万美元，2018年夏天签，2021年夏天到期，其中265万受保障，2020-21赛季无保障，如果在7月10日前不被裁则转为受保障；2021-22赛季球队选项无保障，如果在7月10日前未被裁则,124,菲尼克斯太阳
丹东尼-梅尔顿,14,G,1.93米/6尺4,86公斤/190磅,1998-05-28,2年230万美元，2018年夏天签，2020年夏天到期,84,菲尼克斯太阳
贾旺-埃文斯,0,G,1.83米/6尺0,86公斤/190磅,1996-07-26,双向合同,7,菲尼克斯太阳
乔治-金,8,F,1.98米/6尺6,100公斤/220磅,1994-01-15,双向合同,7,菲尼克斯太阳
雷-斯波尔丁,26,F,2.08米/6尺10,98公斤/215磅,1997-03-11,,,菲尼克斯太阳
保罗-米尔萨普,4,F,2.03米/6尺8,112公斤/246磅,1985-02-10,3年9150万美元，2017年夏天签，2020年夏天到期，2019-2020赛季球队选项,2973,丹佛掘金
尼古拉-约基奇,15,C,2.13米/7尺0,113公斤/250磅,1995-02-19,5年1.48亿美元，2018年夏天签，2023年夏天到期,2548,丹佛掘金
加里-哈里斯,14,G,1.93米/6尺4,95公斤/210磅,1994-09-14,4年731万美元，2014年夏天签，2018年夏天到期，2016-17赛季、2017-18赛季球队选项（已执行），2017年10月以4年8400万美元提前续约，2018年夏天生效，2022年夏天到期，,1652,丹佛掘金
梅森-普拉姆利,24,F-C,2.11米/6尺11,116公斤/255磅,1990-03-05,3年4100万美元，2017年夏天签，2020年夏天到期,1291,丹佛掘金
威尔-巴顿,5,G,1.98米/6尺6,79公斤/175磅,1991-01-06,4年5300万美元，2018年夏天签，2020年夏天到期，2021-22赛季球员选项,1183,丹佛掘金
贾马尔-默里,27,G,1.93米/6尺4,94公斤/207磅,1997-02-23,4年1451万美元，2016年夏天签，2020年夏天到期，2018-19赛季、2019-20赛季球队保障,350,丹佛掘金
特雷-莱尔斯,7,F,2.08米/6尺10,106公斤/234磅,1995-11-05,4年1039万美元，2015年夏天签，2019年夏天到期，2017-18赛季、2018-19赛季球队选项,336,丹佛掘金
迈克尔-波特,1,F,2.08米/6尺10,98公斤/215磅,1998-06-29,4年1509万美元，2018年夏天签，2022年夏天到期，其中2020-21、2021-22赛季球队选项,289,丹佛掘金
胡安-埃尔南戈麦斯,41,F,2.06米/6尺9,104公斤/230磅,1995-09-28,4年955万美元，2016年夏天签，2020年夏天到期，2018-19赛季、2019-20赛季球队选项,217,丹佛掘金
以赛亚-托马斯,0,G,1.75米/5尺9,84公斤/185磅,1989-02-07,1年203万美元，2018年夏天签，2019年夏天到期,203,丹佛掘金
托里-克雷格,3,F,1.98米/6尺6,98公斤/215磅,1990-12-19,2年410万美元，2018年夏天签，2020年夏天到期,200,丹佛掘金
泰勒-莱登,20,F,2.06米/6尺9,100公斤/220磅,1996-04-09,4年948万美元，2017年夏天签，2021年夏天到期，2019-20、2020-21赛季球队选项,187,丹佛掘金
马利克-比斯利,25,G,1.96米/6尺5,89公斤/196磅,1996-11-26,4年783万美元，2016年夏天签，2020年夏天到期，2018-19赛季、2019-20赛季球队选项,177,丹佛掘金
蒙特-莫里斯,11,G,1.88米/6尺2,79公斤/175磅,1995-06-27,3年480万美元，2018年夏天签，2021年夏天到期，其中294万受保障，2020-21赛季无保障,135,丹佛掘金
贾里德-范德比尔特,8,F,2.06米/6尺9,97公斤/214磅,1999-04-03,3年392万美元，2018年夏天签，2021年夏天到期，其中226万受保障，2020-21赛季无保障,84,丹佛掘金
布兰登-古德温,6,G,1.88米/6尺2,82公斤/180磅,1995-10-02,双向合同,7,丹佛掘金
托马斯-韦尔什,45,C,2.13米/7尺0,116公斤/255磅,1996-02-03,双向合同,7,丹佛掘金
达米安-利拉德,0,G,1.91米/6尺3,88公斤/195磅,1990-07-15,5年1.4亿美元，2015年夏天签，2016年夏天生效，2021年夏天到期,2798,波特兰开拓者
CJ-麦科勒姆,3,G,1.91米/6尺3,86公斤/190磅,1991-09-19,4年1047万美元，2013年夏天签，2017年夏天到期；2016年夏天以4年1.07亿提前续约，2017年夏天生效，2021年夏天到期,2576,波特兰开拓者
埃文-特纳,1,G-F,2.01米/6尺7,100公斤/220磅,1988-10-27,4年7000万美元，2016年夏天签，2020年夏天到期,1787,波特兰开拓者
优素福-努尔基奇,27,C,2.13米/7尺0,127公斤/280磅,1994-08-23,4年4800万美元，2018年夏天签，2022年夏天到期，2021-22赛季交易保证金400万,1111,波特兰开拓者
迈耶斯-伦纳德,11,F-C,2.16米/7尺1,116公斤/255磅,1992-02-27,4年4100万美元，2016年夏天签，2020年夏天到期,1060,波特兰开拓者
莫里斯-哈克利斯,4,F,2.06米/6尺9,100公斤/220磅,1993-05-11,4年4200万，2016年夏天签，2020年夏天到期,1034,波特兰开拓者
艾尔-法鲁克-阿米奴,8,F,2.06米/6尺9,100公斤/220磅,1990-09-21,4年3000万美元，2015年夏天签，2019年夏天到期,696,波特兰开拓者
扎克-科林斯,33,F-C,2.13米/7尺0,104公斤/230磅,1997-11-19,4年1633万美元，2017年夏天签，2021年夏天到期，2019-20、2020-21赛季球队选项,363,波特兰开拓者
罗德尼-胡德,5,G,2.03米/6尺8,93公斤/206磅,1992-10-20,1年347万美元，2018年夏天签，2019年夏天到期,347,波特兰开拓者
塞思-库里,31,G,1.88米/6尺2,84公斤/185磅,1990-08-23,1年279万美元，2018年夏天签，2019年夏天到期,279,波特兰开拓者
安芬尼-西蒙斯,24,G,1.91米/6尺3,83公斤/183磅,1999-06-08,4年1017万美元，2018年夏天签，2022年夏天到期,183,波特兰开拓者
斯卡尔-拉比西埃,17,F,2.11米/6尺11,102公斤/225磅,1996-03-18,4年607万美元，2016年夏天签，2020年夏天到期，2018-19赛季、2019-20赛季球队选项,130,波特兰开拓者
杰克-莱曼,10,F,2.06米/6尺9,95公斤/210磅,1994-03-07,3年256万美元，2016年夏天签，2019年夏天到期，2018-19赛季无保障,105,波特兰开拓者
小加里-特伦特,9,G,1.98米/6尺6,95公斤/209磅,1999-01-18,3年392万美元，2018年夏天签，2021年夏天到期,84,波特兰开拓者
埃内斯-坎特,00,C,2.11米/6尺11,111公斤/245磅,1992-05-20,1年65万美元，2019年2月签，2019年夏天到期,65,波特兰开拓者
拉塞尔-威斯布鲁克,0,G,1.91米/6尺3,91公斤/200磅,1988-11-12,5年8000万美元，2012年1月签，2012年夏天生效，2017年夏天到期；2016年夏天以3年8600万美元重新续约；2017年9月以5年2.05亿美元提前续约，2018年夏天生效，2023年夏天,3535,俄克拉荷马城雷霆
保罗-乔治,13,F,2.06米/6尺9,100公斤/220磅,1990-05-02,4年1.37亿美元，2018年夏天签，2022年夏天到期，2021年球员选项,3056,俄克拉荷马城雷霆
史蒂文-亚当斯,12,C,2.13米/7尺0,116公斤/255磅,1993-07-20,4年969万美元，2013年夏天签，2017年夏天到期，2016年10月以4年1亿美元提前续约，2017年夏天生效，2021年到期,2416,俄克拉荷马城雷霆
丹尼斯-施罗德,17,G,1.85米/6尺1,78公斤/172磅,1993-09-15,4年7500万，2013年夏天签，2016年10月以4年7000万美元提前续约，2017年夏天生效，2021年夏天到期，其中6200万美元受保障，200万美元不易达到的激励奖金,1550,俄克拉荷马城雷霆
安德烈-罗伯森,21,G-F,2.01米/6尺7,95公斤/210磅,1991-12-04,3年3000万美元，2017年夏天签，2020年夏天到期,1000,俄克拉荷马城雷霆
杰拉米-格兰特,9,F,2.06米/6尺9,95公斤/210磅,1994-03-12,3年2735万美元，2018年夏天签，2021年夏天到期，2020年球员选项,865,俄克拉荷马城雷霆
帕特里克-帕特森,54,F,2.06米/6尺9,107公斤/235磅,1989-03-14,3年1635万美元，2017年夏天签，2020年夏天到期，2019-2020赛季球员选项,545,俄克拉荷马城雷霆
雷蒙德-费尔顿,2,G,1.85米/6尺1,93公斤/205磅,1984-06-26,1年239万美元，2018年夏天签，2019年夏天到期,239,俄克拉荷马城雷霆
特伦斯-弗格森,23,G,2.01米/6尺7,84公斤/185磅,1998-05-17,4年1032万美元，2017年夏天签，2021年夏天到期，2019-2020、2020-2021赛季球队选项,212,俄克拉荷马城雷霆
纳伦斯-诺埃尔,3,F-C,2.11米/6尺11,103公斤/228磅,1994-04-10,2年374万美元，2018年夏天签，2020年夏天到期，2019年球员选项,175,俄克拉荷马城雷霆
阿卜杜勒-纳迪尔,11,F,1.98米/6尺6,104公斤/230磅,1993-09-25,3年416万美元，2017年夏天签，2020年夏天到期。,138,俄克拉荷马城雷霆
哈米杜-迪亚洛,6,G,1.96米/6尺5,90公斤/198磅,1998-07-31,3年392万美元，2018年夏天签，2021年夏天到期,84,俄克拉荷马城雷霆
德翁特-伯顿,30,G,1.96米/6尺5,113公斤/250磅,1994-01-31,双向合同,7,俄克拉荷马城雷霆
唐特-格兰瑟姆,15,F,2.03米/6尺8,98公斤/215磅,1995-03-19,双向合同,7,俄克拉荷马城雷霆
马基夫-莫里斯,5,F,2.08米/6尺10,111公斤/245磅,1989-09-02,,,俄克拉荷马城雷霆
鲁迪-戈贝尔,27,C,2.16米/7尺1,111公斤/245磅,1992-06-26,4年550万美元，2013年夏天签，2017年夏天到期，2016年10月以4年1.02亿美元续约，2017年夏天生效，2021年夏天到期，其中9400万美元受保障,2274,犹他爵士
德里克-费沃斯,15,F-C,2.08米/6尺10,120公斤/265磅,1991-07-15,2年3760万美元，2018年夏天签，2020年夏天到期，其中1600万受保障，2019-2020赛季无保障，如果在2019年7月5日前不被裁则受保障,1600,犹他爵士
里基-卢比奥,3,G,1.93米/6尺4,86公斤/190磅,1990-10-21,4年5500万美元，2014年10月签，2015年夏天生效，2019年夏天到期,1480,犹他爵士
乔-英格尔斯,2,F,2.03米/6尺8,102公斤/226磅,1987-10-02,4年5200万美元，2017年夏天签，2021年夏天到期,1305,犹他爵士
丹特-埃克萨姆,11,G,1.98米/6尺6,86公斤/190磅,1995-07-13,3年3300万美元，2018年夏天签，2021年夏天到期，其中2730万受保障，每赛季190万美元激励奖金,910,犹他爵士
凯尔-科沃尔,26,G-F,2.01米/6尺7,96公斤/212磅,1981-03-17,3年2206万美元，2017年夏天签，2019年夏天到期，2019-2020赛季344万美元保障，2019年7月7日之前不被裁则转为全额保障,756,犹他爵士
杰-克劳德,99,F,1.98米/6尺6,107公斤/235磅,1990-07-06,5年3500万美元，2015年夏天签，2020年夏天到期,746,犹他爵士
萨博-塞福洛沙,22,F,2.01米/6尺7,100公斤/220磅,1984-05-02,2年1050万美元，2017年夏天签，2019年夏天到期， 2018-19赛季无保障，2018年7月1日之前不被裁则转为全额保障,525,犹他爵士
艾派-尤度,33,F-C,2.08米/6尺10,111公斤/245磅,1987-05-20,2年656万美元，2017年夏天签，2019年夏天到期，2018-19赛季无保障，2018年7月9日之前不被裁则转为全额保障,336,犹他爵士
多诺万-米切尔,45,G,1.91米/6尺3,98公斤/215磅,1996-09-07,4年1456万美元，2017年夏天签，2021年夏天到期，2019-20、2020-21赛季球队选项,311,犹他爵士
劳尔-内托,25,G,1.85米/6尺1,81公斤/179磅,1992-05-19,2年440万美元，2018年夏天签，2020年夏天到期，其中210万受保障，2019-2020赛季无保障,210,犹他爵士
格雷森-阿伦,24,G,1.96米/6尺5,93公斤/205磅,1995-10-08,4年1109万美元，2018年夏天签，2022年夏天到期，2020-21赛季及2021-22赛季无保障2020和2021年球队选项,207,犹他爵士
托尼-布拉德利,13,C,2.08米/6尺10,109公斤/240磅,1998-01-08,4年860万美元，2017年夏天签，2021年夏天到期，2019-20、2020-21赛季球队选项,168,犹他爵士
乔治-尼昂,31,F,2.03米/6尺8,104公斤/230磅,1993-06-17,3年494万美元，2018年夏天签，2021年夏天到期，其中151万受保障，2019-2020、2020-21赛季无保障,151,犹他爵士
罗伊斯-奥尼尔,23,F,1.98米/6尺6,102公斤/226磅,1993-06-05,3年381万美元，2017年夏天签，2020年夏天到期，2018-19赛季、2019-20赛季无保障,138,犹他爵士
纳兹-米特鲁-朗,30,G,1.93米/6尺4,99公斤/218磅,1993-08-03,双向合同,7,犹他爵士
泰勒-卡瓦诺,34,F,2.06米/6尺9,108公斤/238磅,1994-02-09,双向合同,7,犹他爵士
安德鲁-威金斯,22,F,2.03米/6尺8,90公斤/199磅,1995-02-23,4年2484万美元，2014年夏天签，2018年夏天到期，2016-17赛季、2017-18赛季球队选项；2017年10月以5年1.48亿美元提前续约，2018年夏天生效，2023年到期,2525,明尼苏达森林狼
杰夫-蒂格,0,G,1.88米/6尺2,84公斤/186磅,1988-06-10,3年5700万美元，2017年夏天签，2020年夏天到期，2019-2020赛季球员选项,1900,明尼苏达森林狼
戈尔吉-吉昂,5,C,2.11米/6尺11,109公斤/240磅,1990-01-18,4年658万美元，2013年夏天签，2016年10月以4年6400万美元提前续约，2017年夏天生效，2021年夏天到期,1517,明尼苏达森林狼
泰-吉布森,67,F,2.06米/6尺9,107公斤/236磅,1985-06-24,2年2800万美元，2017年夏天签，2019年夏天到期,1400,明尼苏达森林狼
罗伯特-科温顿,33,F,2.06米/6尺9,98公斤/215磅,1990-12-14,5年6160万美元，2017年11月签，2017年11月生效，2022年夏天到期，新合同包含将2017-18赛季薪金从157万美元提升至1670万美元,1002,明尼苏达森林狼
杰里-贝勒斯,8,G,1.91米/6尺3,91公斤/200磅,1988-08-20,3年2700万美元，2016年夏天签，2019年夏天到期,858,明尼苏达森林狼
卡尔-安东尼-唐斯,32,C-F,2.13米/7尺0,111公斤/244磅,1995-11-15,4年2572万美元，2015年夏天签，2019年夏天到期。2018年夏天提前续约5年1.58亿美元，2019年夏天生效。,784,明尼苏达森林狼
安东尼-托利弗,43,F,2.03米/6尺8,109公斤/240磅,1985-06-01,1年575万美元，2018年夏天签，2019年夏天到期,575,明尼苏达森林狼
达里奥-沙里奇,36,F,2.08米/6尺10,101公斤/223磅,1994-04-08,4年1075万美元，2016年夏天签，2020年夏天到期。,253,明尼苏达森林狼
泰厄斯-琼斯,1,G,1.88米/6尺2,88公斤/195磅,1996-05-10,4年646万美元，2015年夏天签，2019年夏天到期，2017-18赛季、2018-19赛季球队选项,244,明尼苏达森林狼
洛尔-邓,9,F,2.06米/6尺9,100公斤/220磅,1985-04-16,1年240万美元，2018年夏天签，2019年到期,240,明尼苏达森林狼
德里克-罗斯,25,G,1.91米/6尺3,86公斤/190磅,1988-10-04,1年240万美元，2018年夏天签，2019年夏天到期,240,明尼苏达森林狼
约什-奥科吉,20,G,1.93米/6尺4,97公斤/213磅,1998-09-01,4年1173万美元，2018年夏天签，2022年夏天到期，2020-21、2021-22赛季球队选项,216,明尼苏达森林狼
凯塔-贝茨-迪奥普,31,F,2.01米/6尺7,107公斤/235磅,1996-01-23,2年226万美元，2018年夏天签，2020年夏天到期,84,明尼苏达森林狼
杰瑞-特雷尔,3,G,1.91米/6尺3,98公斤/215磅,1995-02-10,双向合同,7,明尼苏达森林狼
CJ-威廉姆斯,12,G,1.96米/6尺5,104公斤/230磅,1990-02-06,双向合同,7,明尼苏达森林狼
卡姆-雷诺兹,13,G-F,2.03米/6尺8,102公斤/225磅,1995-02-07,,,明尼苏达森林狼
凯尔-洛瑞,7,G,1.83米/6尺0,93公斤/205磅,1986-03-25,3年1亿美元，2017年夏天签，2020年夏天到期，7百万美元不易达到的激励奖金,3100,多伦多猛龙
马克-加索尔,33,C,2.16米/7尺1,116公斤/255磅,1985-01-29,5年1.13亿美元，2015年夏天签，2020年夏天到期，2019-20赛季球员选项,2412,多伦多猛龙
赛尔吉-伊巴卡,9,C-F,2.08米/6尺10,107公斤/235磅,1989-09-18,3年6500万美元，2017年夏天签，2020年夏天到期,2167,多伦多猛龙
科怀-伦纳德,2,F,2.01米/6尺7,104公斤/230磅,1991-06-29,5年9434万美元，2015年夏天签，2020年夏天到期，2019-20赛季球员选项,2010,多伦多猛龙
丹尼-格林,14,G-F,1.98米/6尺6,98公斤/215磅,1987-06-22,4年4000万美元，2015年夏天签，2019年夏天到期，2018-19赛季球员选项,1000,多伦多猛龙
诺曼-鲍威尔,24,F-G,1.93米/6尺4,98公斤/215磅,1993-05-25,"3年254万美元，2015年夏天签，2018年夏天到期，2017-18赛季无保障,2017年6月29日之前没被裁则转为全额保障（已转为全额保障）；2017年10月以4年4200万美元续约，2018年夏",937,多伦多猛龙
弗雷德-范弗利特,23,G,1.83米/6尺0,88公斤/195磅,1994-02-25,2年1811万美元，2018年夏天签，2020年夏天到期,865,多伦多猛龙
OG-阿奴诺比,3,F,2.03米/6尺8,107公斤/235磅,1997-07-17,4年975万美元，2017年夏天签，2021年夏天到期，2019-20、2020-21赛季球队选项,195,多伦多猛龙
帕斯卡尔-西亚卡姆,43,F,2.06米/6尺9,104公斤/230磅,1994-04-02,4年610万美元，2016年夏天签，2020年夏天到期，2018-19赛季、2019-20赛季球队选项,130,多伦多猛龙
帕特里克-麦考,1,G,2.01米/6尺7,84公斤/185磅,1995-10-25,1年78万美元，2019年1月签，2019年夏天到期,78,多伦多猛龙
林书豪,17,G,1.91米/6尺3,91公斤/200磅,1988-08-23,1年70万美元，2019年2月签，2019年夏天到期,70,多伦多猛龙
马尔科姆-米勒,13,F,2.01米/6尺7,95公斤/210磅,1993-03-06,2年205万美元，2019年2月签，2020年夏天到期，2019-20赛季无保障,46,多伦多猛龙
克里斯-布歇,25,F,2.08米/6尺10,91公斤/200磅,1993-01-11,2年205万美元，2019年2月签，2020年夏天到期，2019-20赛季无保障,46,多伦多猛龙
乔丹-劳埃德,8,G,1.93米/6尺4,95公斤/210磅,1993-07-27,双向合同,7,多伦多猛龙
埃里克-莫兰,23,C,2.08米/6尺10,108公斤/238磅,1991-12-24,,,多伦多猛龙
乔尔-恩比德,21,C,2.13米/7尺0,113公斤/250磅,1994-03-16,4年1998万美元，2014年夏天签，2018年夏天到期；2017年10月以5年1.48亿美元提前续约，2018年夏天生效，2023年夏天到期；,2525,费城76人
吉米-巴特勒,23,F,2.01米/6尺7,105公斤/231磅,1989-09-14,5年8774万美元，2015年夏天签，2020年夏天到期，2019-20赛季球员选项,1869,费城76人
托拜厄斯-哈里斯,33,F,2.06米/6尺9,107公斤/235磅,1992-07-15,4年6400万美元，2015年夏天签，2019年夏天到期,1480,费城76人
JJ-雷迪克,17,G,1.93米/6尺4,86公斤/190磅,1984-06-24,1年1225万美元，2018年夏天签，2019年夏天到期,1225,费城76人
博班-马里亚诺维奇,51,C,2.21米/7尺3,132公斤/290磅,1988-08-15,3年2100万美元，2016年夏天签，2019年夏天到期,700,费城76人
本-西蒙斯,25,G-F,2.08米/6尺10,109公斤/240磅,1996-07-20,4年2662万美元，2016年夏天签，2020年夏天到期，2018-19赛季、2019-20赛季球队选项,643,费城76人
乔纳森-西蒙斯,14,G,1.98米/6尺6,88公斤/195磅,1989-09-14,3年2000万美元，2017年夏天签，2020年夏天到期，2019-2020赛季100万美元保障,600,费城76人
迈克-斯科特,1,F,2.03米/6尺8,107公斤/237磅,1988-07-16,1年432万美元，2018年夏天签，2019年夏天到期,432,费城76人
贾斯廷-巴顿,0,C,2.13米/7尺0,104公斤/230磅,1997-06-14,4年1282万美元，2017年夏天签，2021年夏天到期，2019-2020、2020-2021赛季球队选项,267,费城76人
扎伊尔-史密斯,8,G,1.93米/6尺4,90公斤/199磅,1999-06-04,4年1379万美元，2018年夏天签，2022年夏天到期，2020年和2021年球队选项,261,费城76人
阿米尔-约翰逊,5,C-F,2.06米/6尺9,109公斤/240磅,1987-05-01,1年239万美元，2018年夏天签，2019年夏天到期,239,费城76人
乔纳-博尔登,43,F,2.08米/6尺10,107公斤/235磅,1996-01-02,4年700万美元。2018年夏天签，2022年夏天到期。,169,费城76人
詹姆斯-恩尼斯,11,F,2.01米/6尺7,95公斤/210磅,1990-07-01,2年347万美元，2018年夏天签，2020年夏天到期，2019年球员选项,162,费城76人
TJ-麦康奈尔,12,G,1.88米/6尺2,91公斤/200磅,1992-03-25,4年447万美元，2015年夏天签，2019年夏天到期；2015-16赛季10万美元保障（已转为全额保障），2017-2018赛季无保障，2018-2019赛季球队选项,160,费城76人
富尔坎-科尔克马兹,30,G-F,2.01米/6尺7,86公斤/190磅,1997-07-24,4年866万美元，2017年夏天签，2021年夏天到期，2019-20、2020-21赛季球队选项,150,费城76人
海伍德-海史密斯,7,F,2.01米/6尺7,100公斤/220磅,1996-12-09,双向合同,7,费城76人
谢克-米尔顿,18,G,1.98米/6尺6,93公斤/205磅,1996-09-26,双向合同,7,费城76人
戈登-海沃德,20,F,2.03米/6尺8,102公斤/226磅,1990-03-23,4年1.28亿美元，2017年夏天签，2021年夏天到期，2020-21赛季球员选项，15%交易保证金,3121,波士顿凯尔特人
艾尔-霍弗德,42,C-F,2.08米/6尺10,111公斤/245磅,1986-06-03,4年1.13亿美元，2016年夏天签，2020年夏天到期，2019-20赛季球员选项,2893,波士顿凯尔特人
凯里-欧文,11,G,1.91米/6尺3,88公斤/193磅,1992-03-23,5年9000万美元，2014年夏天签，2015年夏天生效，2020年夏天到期，2019-20赛季球员选项,2010,波士顿凯尔特人
马库斯-斯马特,36,G,1.93米/6尺4,100公斤/220磅,1994-03-06,4年5200万美元，2018年夏天签，2022年夏天到期，每年身体脂肪含量达到球队要求则有50万奖金,1160,波士顿凯尔特人
杰森-塔特姆,0,F,2.03米/6尺8,93公斤/205磅,1998-03-03,4年3007万美元，2017年夏天签，2021年夏天到期，2019-20、2020-21赛季球队选项,670,波士顿凯尔特人
马库斯-莫里斯,13,F,2.06米/6尺9,107公斤/235磅,1989-09-02,4年2000万美元，2014年9月签，2015年夏天生效，2019年夏天到期,538,波士顿凯尔特人
阿隆-贝恩斯,46,C-F,2.08米/6尺10,118公斤/260磅,1986-12-09,2年1065万美元，2018年夏天签，2020年夏天到期，2019年球员选项,519,波士顿凯尔特人
杰伦-布朗,7,F-G,2.01米/6尺7,102公斤/225磅,1996-10-24,4年2140万美元，2016年夏天签，2020年夏天到期，2018-19赛季、2019-20赛季球队选项,517,波士顿凯尔特人
特里-罗齐尔,12,G,1.88米/6尺2,86公斤/190磅,1994-03-17,4年877万美元，2015年夏天签，2019年夏天到期，2017-18赛季、2018-19赛季球队选项（已执行）,305,波士顿凯尔特人
盖尔雄-亚布塞莱,30,F,2.03米/6尺8,118公斤/260磅,1995-12-17,4年1281万美元，2017年夏天签，2021年夏天到期，2019-20、2020-21赛季球队选项,267,波士顿凯尔特人
罗伯特-威廉姆斯,44,C-F,2.06米/6尺9,107公斤/237磅,1997-10-17,"4年927万美元，2018年夏天签，2022年夏天到期,2020和2021年球队选项",165,波士顿凯尔特人
丹尼尔-泰斯,27,F,2.06米/6尺9,110公斤/243磅,1992-04-04,2年219万美元，2017年夏天签，2019年夏天到期,138,波士顿凯尔特人
谢米-奥杰莱,37,F,2.01米/6尺7,107公斤/235磅,1994-12-05,4年604万美元，2017年夏天签，2021年夏天到期；2018-19赛季90万美元保障，2018年7月15日之前不被裁则转为全额保障，2019-20赛季无保障，2019年7月1日之前不被裁则转为全额,138,波士顿凯尔特人
布拉德-沃纳梅克,9,G,1.93米/6尺4,95公斤/210磅,1989-07-25,1年84万美元，2018年夏天签，2019年夏天到期,84,波士顿凯尔特人
PJ-多齐尔,50,G-F,1.98米/6尺6,93公斤/205磅,1996-10-25,双向合同,7,波士顿凯尔特人
RJ-亨特,28,G,1.98米/6尺6,84公斤/185磅,1993-10-24,双向合同,7,波士顿凯尔特人
阿伦-克拉布,33,G-F,1.98米/6尺6,98公斤/215磅,1992-04-09,4年7483万美元，2016年夏天签，2020年夏天到期，2019-20赛季球员选项,1850,布鲁克林篮网
德马雷-卡罗尔,9,F,2.03米/6尺8,96公斤/212磅,1986-07-27,4年5807万美元，2015年夏天签，2019年夏天到期,1540,布鲁克林篮网
贾里德-杜德利,6,F,2.01米/6尺7,102公斤/225磅,1985-07-10,3年3000万美元，2016年夏天签，2019年夏天到期,953,布鲁克林篮网
乔-哈里斯,12,G-F,1.98米/6尺6,99公斤/219磅,1991-09-06,2年1600万美元，2018年夏天签，2020年夏天到期,800,布鲁克林篮网
丹吉洛-拉塞尔,1,G,1.96米/6尺5,88公斤/195磅,1996-02-23,4年2302万美元，2015年夏天签，2019年夏天到期，2017-18赛季、2018-19赛季球队选项,702,布鲁克林篮网
埃德-戴维斯,17,C,2.08米/6尺10,111公斤/245磅,1989-06-05,1年445万美元，2018年夏天签，2019年夏天到期,445,布鲁克林篮网
朗戴-霍利斯-杰弗森,24,F,2.01米/6尺7,97公斤/214磅,1995-01-03,4年666万美元，2015年夏天签，2019年夏天到期，2017-18赛季、2018-19赛季球队选项,224,布鲁克林篮网
贾莱特-阿伦,31,C,2.08米/6尺10,107公斤/235磅,1998-04-21,4年1003万美元，2017年夏天签，2021年夏天到期，2019-20、2020-21赛季球队选项,203,布鲁克林篮网
沙巴兹-内皮尔,13,G,1.85米/6尺1,79公斤/175磅,1991-07-14,2年379万美元，2018年夏天签，2020年夏天到期，其中194万受保障，2019-20赛季球队选项且无保障,194,布鲁克林篮网
卡里斯-勒韦尔,22,G,2.01米/6尺7,92公斤/203磅,1994-08-25,4年752万美元，2016年夏天签，2020年夏天到期，2018-19赛季、2019-20赛季球队选项,170,布鲁克林篮网
斯潘塞-丁威迪,8,G,1.98米/6尺6,91公斤/200磅,1993-04-06,3年290万美元，2016年夏天签，2019年夏天到期，2016-17赛季部分保障，2017-18赛季5万美元保障，2017年10月30日之前不被裁则转为25万美元保障，2018-19赛季无保障。20,166,布鲁克林篮网
扎南-穆萨,30,G-F,2.06米/6尺9,88公斤/195磅,1999-05-08,4年916万美元，2018年夏天签，2022年夏天到期，2020-21赛季以及2021-22赛季球队选项,163,布鲁克林篮网
罗季翁斯-库鲁茨,00,F,2.06米/6尺9,100公斤/220磅,1998-02-05,4年696万美元，2018年夏天签，2022年夏天到期，2020-21赛季以及2021-22赛季球队选项,162,布鲁克林篮网
特雷韦恩-格雷厄姆,21,F,1.98米/6尺6,102公斤/226磅,1993-10-28,2年316万美元，2018年夏天签，2020年夏天到期，其中151万受保障，2019-20赛季无保障,151,布鲁克林篮网
阿兰-威廉姆斯,15,F,2.03米/6尺8,118公斤/260磅,1993-01-28,双向合同,7,布鲁克林篮网
西奥-平森,10,G,1.98米/6尺6,99公斤/218磅,1995-11-05,双向合同,7,布鲁克林篮网
德安德烈-乔丹,6,C,2.11米/6尺11,120公斤/265磅,1988-07-21,1年2290万美元，2018年夏天签，2019年夏天到期,2290,纽约尼克斯
兰斯-托马斯,42,F,2.03米/6尺8,107公斤/235磅,1988-04-24,4年2755万美元，2016年夏天签，2020年夏天到期，2019-20赛季无保障，2019年6月30日之前不被裁则转为100万美元保障，2020年1月20日之前不被裁则转为全额保障,712,纽约尼克斯
马里奥-海佐尼亚,8,F-G,2.03米/6尺8,99公斤/218磅,1995-02-25,1年650万美元，2018年夏天签，2019年夏天到期,650,纽约尼克斯
伊曼纽尔-穆迪埃,1,G,1.96米/6尺5,91公斤/200磅,1996-03-05,4年1420万美元，2015年夏天签，2019年夏天到期，2017-18赛季、2018-19赛季球队选项,429,纽约尼克斯
弗朗克-尼利基纳,11,G,1.96米/6尺5,86公斤/190磅,1998-07-28,4年1869万美元，2017年夏天签，2021年夏天到期，2019-20赛季、2020-21赛季球队选项,416,纽约尼克斯
丹尼斯-史密斯,5,G,1.91米/6尺3,88公斤/195磅,1997-11-25,4年1719万美元，2017年夏天签，2021年夏天到期，2019-20、2020-21赛季球队选项,382,纽约尼克斯
凯文-诺克斯,20,F,2.06米/6尺9,98公斤/215磅,1999-08-11,4年1855万美元，2018年夏天签，2022年夏天到期，其中2020年和2021年俱乐部选项,374,纽约尼克斯
阿朗佐-特里尔,14,G,1.96米/6尺5,90公斤/198磅,1996-01-17,2年693万美元，2018年12月签，2020年夏天到期。2019-20赛季球队选项。,338,纽约尼克斯
卢克-科内特,2,F-C,2.16米/7尺1,113公斤/250磅,1995-07-15,1年162万美元，2018年夏天签，2019年夏天到期,162,纽约尼克斯
丹伊恩-多特森,21,G,1.96米/6尺5,95公斤/210磅,1994-05-06,3年410万美元，2018年夏天签，2021年夏天到期，2019年无保证,162,纽约尼克斯
诺阿-冯莱,32,F,2.06米/6尺9,111公斤/245磅,1995-08-24,,162,纽约尼克斯
米切尔-罗宾逊,26,C,2.16米/7尺1,101公斤/223磅,1998-04-01,3年471万美元，2018年夏天签，2021年夏天到期，2020年无保障，如果在6月29日之前没有宣布放弃，则继续执行,149,纽约尼克斯
约翰-詹金斯,30,G,1.93米/6尺4,98公斤/215磅,1991-03-06,10天9.9万美元，2月10日签，2月20日到期,10,纽约尼克斯
卡迪姆-阿伦,0,G,1.91米/6尺3,91公斤/200磅,1993-01-15,双向合同,7,纽约尼克斯
以赛亚-希克斯,4,F,2.06米/6尺9,110公斤/242磅,1994-07-24,双向合同,7,纽约尼克斯
亨利-埃伦森,13,F,2.11米/6尺11,111公斤/245磅,1997-01-13,,,纽约尼克斯
哈桑-怀特塞德,21,C,2.13米/7尺0,120公斤/265磅,1989-06-13,4年9842万美元，2016年夏天签，2020年夏天到期，2019-2020赛季球员选项,2543,迈阿密热火
莱恩-安德森,31,F,2.08米/6尺10,109公斤/240磅,1988-05-06,4年8000万美元，2016年夏天签，2020年夏天到期。,2042,迈阿密热火
戈兰-德拉季奇,7,G,1.91米/6尺3,86公斤/190磅,1986-05-06,5年9000万美元，2015年夏天签，2020年夏天到期，2019-20赛季球员选项,1811,迈阿密热火
詹姆斯-约翰逊,16,F,2.06米/6尺9,113公斤/250磅,1987-02-20,4年5912万美元，2017年夏天签，2021年夏天到期，2020-21赛季球员选项，94.6万可能拿到的激励奖金，其中2017-18赛季22万，另有其他体重控制奖金,1443,迈阿密热火
迪昂-韦特斯,11,G,1.93米/6尺4,100公斤/220磅,1991-12-10,4年5200万美元，2017年夏天签，2021年夏天到期，470万美元不易达到的激励奖金，2017-18赛季需至少出战70场比赛可获得110万美元激励奖金,1155,迈阿密热火
凯利-奥利尼克,9,F,2.13米/7尺0,108公斤/238磅,1991-04-19,4年5000万美元，2017年夏天签，2021年夏天到期，560万不易达到的激励奖金，剩余合同价值的5%或200万美元的交易金（两者取其小），2020-2021赛季球员选项,1114,迈阿密热火
约什-理查德森,0,F,1.98米/6尺6,91公斤/200磅,1993-09-15,3年287万美元，2015年夏天签，2018年夏天到期；2017年9月以4年4197万美元提前续约，2018年夏天生效，2022年夏天到期，2021-22赛季球员选项,937,迈阿密热火
贾斯蒂斯-温斯洛,20,F,2.01米/6尺7,102公斤/225磅,1996-03-26,4年1123万美元，2015年夏天签，2019年夏天到期，2018年10月以3年3900万美元提前续约，2019年夏天生效，2022年夏天到期,345,迈阿密热火
巴姆-阿德巴约,13,C-F,2.08米/6尺10,116公斤/255磅,1997-07-18,4年1402万美元，2017年夏天签，2021年夏天到期，2019-20、2020-21赛季球队选项,296,迈阿密热火
德维恩-韦德,3,G,1.93米/6尺4,100公斤/220磅,1982-01-17,1年240万美元，2018年夏天签，2019年夏天到期,240,迈阿密热火
犹多尼斯-哈斯勒姆,40,F,2.03米/6尺8,107公斤/235磅,1980-06-09,1年240万美元，2018年夏天签，2019年夏天到期,240,迈阿密热火
小德里克-琼斯,5,F-G,2.01米/6尺7,86公斤/190磅,1997-02-15,2年316万美元，2018年夏天签，2020年夏天到期，2019年无保证,151,迈阿密热火
罗德尼-麦格鲁德,17,G-F,1.93米/6尺4,93公斤/205磅,1991-07-29,3年250万美元，2016年夏天签，2019年夏天到期；2016-17赛季10万美元保障，2016年7月30日之前不被裁则转为15万美元保障，常规赛开赛前不被裁则转为30万美元保障，2016年11月3,105,迈阿密热火
亚特-马滕,00,F,2.03米/6尺8,109公斤/240磅,1996-08-14,双向合同,7,迈阿密热火
邓肯-鲁宾逊,55,F,2.03米/6尺8,98公斤/215磅,1994-04-22,双向合同,7,迈阿密热火
查尔斯-库克,25,G-F,1.96米/6尺5,89公斤/196磅,1994-07-01,,,迈阿密热火
阿龙-戈登,00,F,2.06米/6尺9,100公斤/220磅,1995-09-16,4年8000万美元，2018年夏天签，2022年夏天到期,2159,奥兰多魔术
埃文-富尼耶,10,G-F,2.01米/6尺7,93公斤/205磅,1992-10-29,5年8500万，2016年夏天签，2021年夏天到期，2020-21赛季球员选项,1700,奥兰多魔术
季莫费-莫兹戈夫,21,C,2.16米/7尺1,125公斤/275磅,1986-07-16,4年6400万美元，2016年夏天签，2020年夏天到期,1634,奥兰多魔术
尼古拉-武切维奇,9,C,2.13米/7尺0,118公斤/260磅,1990-10-24,4年5300万美元，2015年夏天签，2019年夏天到期，400万不易达到的激励奖金,1275,奥兰多魔术
特伦斯-罗斯,31,G-F,2.01米/6尺7,88公斤/195磅,1991-02-05,3年3150万美元，2015年11月签，2016年夏天生效，2019年夏天到期,1050,奥兰多魔术
马克尔-富尔茨,20,G,1.93米/6尺4,86公斤/190磅,1998-05-29,4年3740万美元，2017年夏天签，2021年夏天到期，2019-20、2020-21赛季球队选项,834,奥兰多魔术
DJ-奥古斯丁,14,G,1.83米/6尺0,83公斤/183磅,1987-11-10,4年2900万美元，2016年夏天签，2020年夏天到期,725,奥兰多魔术
乔纳森-艾萨克,1,F,2.08米/6尺10,95公斤/210磅,1997-10-03,4年2232万美元，2017年夏天签，2021年夏天到期，2019-20、2020-21赛季球队选项,497,奥兰多魔术
穆罕默德-班巴,5,C,2.16米/7尺1,102公斤/225磅,1998-05-12,4年2410万美元，2018年夏天签，2022年夏天到期，2020年和2021年球队选项,486,奥兰多魔术
杰里安-格兰特,22,G,1.93米/6尺4,90公斤/198磅,1992-10-09,4年960万美元，2015年夏天签，2019年夏天到期，2017-18赛季、2018-19赛季球队选项,326,奥兰多魔术
贾雷尔-马丁,2,F,2.08米/6尺10,108公斤/239磅,1994-05-24,4年627万美元，2015年夏天签，2019年夏天到期，2017-18赛季、2018-19赛季球队选项,242,奥兰多魔术
肯-伯奇,24,C-F,2.06米/6尺9,100公斤/220磅,1992-09-28,2年219万美元，2017年夏天签，2019年夏天到期，2017-18赛季2.5万美元保障，常规赛开赛前不被裁则转为40.8万美元保障（已转为40.8万美元保障）；2018-19赛季无保障，2018年,138,奥兰多魔术
韦斯利-艾旺杜,25,F,2.01米/6尺7,93公斤/205磅,1994-12-20,3年405万美元，2017年夏天签，2020年夏天到期，2019-20赛季球队选项,138,奥兰多魔术
梅尔文-弗雷泽,35,F-G,1.98米/6尺6,91公斤/201磅,1996-08-30,4年621万美元，2018年夏天签，2022年夏天到期，2021年球队选项,105,奥兰多魔术
以赛亚-布里斯科,13,G,1.91米/6尺3,91公斤/200磅,1996-04-13,4年600万美元，2018年夏天签，2022年夏天到期，2019年1月10日前不被裁则2018-19赛季全额保障，否则50万美元保障；2019-20赛季无保障，2019年7月15日前不被裁则50万美元,84,奥兰多魔术
特洛伊-科佩恩,3,G,1.93米/6尺4,95公斤/210磅,1995-11-29,双向合同,7,奥兰多魔术
阿米尔-杰弗森,11,F,2.06米/6尺9,102公斤/224磅,1993-05-07,双向合同,7,奥兰多魔术
迈克尔-卡特-威廉姆斯,7,G,1.98米/6尺6,86公斤/190磅,1991-10-10,,,奥兰多魔术
尼古拉斯-巴图姆,5,G-F,2.03米/6尺8,91公斤/200磅,1988-12-14,5年1.2亿美元，2016年夏天签，2021年夏天到期，2020-21赛季球员选项,2400,夏洛特黄蜂
俾斯麦-比永博,8,C,2.06米/6尺9,116公斤/255磅,1992-08-28,4年7200万美元，2016年夏天签，2020年夏天到期，2019-20赛季球员选项，400万美元激励奖金,1700,夏洛特黄蜂
马文-威廉姆斯,2,F,2.06米/6尺9,107公斤/237磅,1986-06-19,4年5451万美元，2016年夏天签，2020年夏天到期，2019-20赛季球员选项,1409,夏洛特黄蜂
科迪-泽勒,40,C,2.13米/7尺0,109公斤/240磅,1992-10-05,4年1740万美元，2013年夏天签，2017年夏天到期，2016年10月以4年5600万美元续约，2017年夏天生效，2021年夏天到期,1353,夏洛特黄蜂
迈克尔-基德-吉尔克里斯特,14,F,2.01米/6尺7,105公斤/232磅,1993-09-26,4年5200万美元，2015年夏天签，2016年夏天生效，2020年夏天到期，2019-20赛季球员选项,1300,夏洛特黄蜂
肯巴-沃克,15,G,1.85米/6尺1,83公斤/184磅,1990-05-08,4年4800万美元，2014年10月份签，2015年夏天生效，2019年夏天到期,1200,夏洛特黄蜂
杰里米-兰姆,3,G,1.96米/6尺5,84公斤/185磅,1992-05-30,3年2100万美元，2015年11月签，2016年夏天生效，2019年夏天到期,749,夏洛特黄蜂
托尼-帕克,9,G,1.88米/6尺2,84公斤/185磅,1982-05-17,2年1000万美元，2018年夏天签，2020年夏天到期，其中500万受保障，2019-20赛季无保障，如果在7月3日前未被裁则受保障,500,夏洛特黄蜂
弗兰克-卡明斯基,44,F-C,2.13米/7尺0,109公斤/240磅,1993-04-04,4年1222万美元，2015年夏天签，2019年夏天到期，2017-18赛季、2018-19赛季球队选项,363,夏洛特黄蜂
马利克-蒙克,1,G,1.91米/6尺3,91公斤/200磅,1998-02-04,4年1572万美元，2017年夏天签，2021年夏天到期,345,夏洛特黄蜂
迈尔斯-布里奇斯,0,F,2.01米/6尺7,102公斤/225磅,1998-03-21,4年1572万美元，2018年夏天签，2022年夏天到期，2020-21赛季、2021-22赛季球队选项,320,夏洛特黄蜂
谢尔文-麦克,6,G,1.91米/6尺3,92公斤/203磅,1990-04-22,1年203万美元，2018年夏天签，2019年夏天到期,203,夏洛特黄蜂
吉列尔莫-埃尔南戈麦斯,41,C,2.11米/6尺11,109公斤/240磅,1994-05-27,4年586万美元，2016年夏天签，2020年夏天到期，2019-20赛季无保障,150,夏洛特黄蜂
德维恩-培根,7,G-F,2.01米/6尺7,100公斤/220磅,1995-08-30,3年381万美元，2017年夏天签，2020年夏天到期，2019-20赛季无保障，2019年8月1日前不被裁则转为全额保障,138,夏洛特黄蜂
德文特-格雷厄姆,4,G,1.88米/6尺2,84公斤/185磅,1995-02-22,3年407万美元，2018年夏天签，2021年夏天到期，其中240万受保障，2020-21赛季无保障，如果在7月7日前未被裁则受保障,99,夏洛特黄蜂
乔-奇利,31,G,1.93米/6尺4,86公斤/190磅,1995-11-01,双向合同,7,夏洛特黄蜂
JP-马楚拉,55,G,1.96米/6尺5,92公斤/203磅,1995-06-05,双向合同,7,夏洛特黄蜂
布拉德利-比尔,3,G,1.96米/6尺5,94公斤/207磅,1993-06-28,5年1.27亿美元，2016年夏天签，2021年夏天到期,2543,华盛顿奇才
贾巴里-帕克,12,F,2.03米/6尺8,113公斤/250磅,1995-03-15,2年4000万美元，2018年夏天签，2020年夏天到期,2000,华盛顿奇才
约翰-沃尔,2,G,1.93米/6尺4,95公斤/210磅,1990-09-06,5年8478万，2013年夏天签，2014年夏天生效，2019年夏天到期；2017年夏天以4年1.7亿美元提前续约至2023年，2022-23赛季球员选项,1917,华盛顿奇才
伊安-马辛米,28,C,2.11米/6尺11,119公斤/262磅,1986-11-05,4年6400万美元，2016年夏天签，2020年夏天到期,1594,华盛顿奇才
特雷沃-阿里扎,1,F,2.03米/6尺8,98公斤/215磅,1985-06-30,1年1500万美元，2018年夏天签，2019年夏天到期,1500,华盛顿奇才
韦斯利-约翰逊,4,F,2.01米/6尺7,98公斤/215磅,1987-07-11,3年1764万美元，2016年夏天签，2019年夏天到期,613,华盛顿奇才
德怀特-霍华德,21,C,2.11米/6尺11,120公斤/265磅,1985-12-08,2年1094万美元，2018年夏天签，2020年夏天到期，2019-20赛季球员选项,534,华盛顿奇才
托马什-萨托兰斯基,31,G-F,2.01米/6尺7,95公斤/210磅,1991-10-30,3年900万美元，2016年夏天签，2019年夏天到期,313,华盛顿奇才
萨姆-德克尔,8,F,2.06米/6尺9,104公斤/230磅,1994-05-08,4年792万美元，2015年夏天签，2019年夏天到期，2017-18赛季、2018-19赛季球队选项,276,华盛顿奇才
特洛伊-布朗,6,F,2.01米/6尺7,98公斤/215磅,1999-07-28,4年1451万美元，2018年夏天签，2022年夏天到期，2020和2021年球队选项,275,华盛顿奇才
博比-波蒂斯,5,F,2.11米/6尺11,112公斤/246磅,1995-02-10,4年686万美元，2015年夏天签，2019年夏天到期，2017-18赛季、2018-19赛季球队选项,249,华盛顿奇才
杰夫-格林,32,F,2.06米/6尺9,107公斤/235磅,1986-08-28,1年239万美元，2018年夏天签，2019年夏天到期,239,华盛顿奇才
托马斯-布莱恩特,13,C,2.08米/6尺10,112公斤/248磅,1997-07-31,2年219万美元，2017年夏天签，2019年夏天到期,138,华盛顿奇才
沙松-兰德尔,9,G,1.88米/6尺2,84公斤/185磅,1993-02-05,1年87万美元，2018年12月签，2019年夏天到期,87,华盛顿奇才
德文-罗宾逊,7,F,2.03米/6尺8,91公斤/200磅,1995-03-07,双向合同,7,华盛顿奇才
乔丹-麦克雷,52,G,1.96米/6尺5,81公斤/179磅,1991-03-28,双向合同,7,华盛顿奇才
肯特-贝兹莫尔,24,G,1.96米/6尺5,91公斤/201磅,1989-07-01,4年7000万美元，2016年夏天签，2020年夏天到期，2019-20赛季球员选项,1809,亚特兰大老鹰
迈尔斯-普拉姆利,18,C,2.11米/6尺11,113公斤/249磅,1988-09-01,4年5000万，2016年夏天签，2020年夏天到期，每年60万美元不易达到的激励奖金,1250,亚特兰大老鹰
德维恩-戴德蒙,14,C,2.13米/7尺0,111公斤/245磅,1989-08-12,2年1410万美元，其中包含每年90万美元的激励奖金。2017年夏天签，2019年夏天到期。,630,亚特兰大老鹰
特雷-杨,11,G,1.88米/6尺2,82公斤/180磅,1998-09-19,4年2653万美元，2018年夏天签，2022年夏天到期，2020和2021年球队选项,536,亚特兰大老鹰
亚历克斯-莱恩,25,C,2.16米/7尺1,118公斤/260磅,1993-06-16,2年850万美元，2018年夏天签，2020年夏天到期,415,亚特兰大老鹰
托里恩-普林斯,12,F,2.03米/6尺8,100公斤/220磅,1994-03-22,4年1075万美元，2016年夏天签，2020年夏天到期，2018-19赛季、2019-20赛季球队选项,253,亚特兰大老鹰
贾斯廷-安德森,1,G-F,1.98米/6尺6,103公斤/228磅,1993-11-19,4年706万美元，2015年夏天签，2019年夏天到期，2017-18赛季、2018-19赛季球队选项,252,亚特兰大老鹰
文斯-卡特,15,G-F,1.98米/6尺6,100公斤/220磅,1977-01-26,1年239万美元，2018年夏天签，2019年夏天到期,239,亚特兰大老鹰
约翰-科林斯,20,F-C,2.08米/6尺10,107公斤/235磅,1997-09-23,4年1106万美元，2017年夏天签，2021年夏天到期，2019-20、2020-21赛季球队选项,230,亚特兰大老鹰
凯文-赫尔特,3,G,2.01米/6尺7,86公斤/190磅,1998-08-27,4年1190万美元，2018年夏天签，2022年夏天到期，2020和2021年球队选项,225,亚特兰大老鹰
德安德烈-本布里,95,F,1.98米/6尺6,95公斤/210磅,1994-07-04,4年731万美元，2016年夏天签，2020年夏天到期，2018-19赛季、2019-20赛季球队选项,163,亚特兰大老鹰
奥马里-斯佩尔曼,6,F,2.06米/6尺9,111公斤/245磅,1997-07-21,4年909万美元，2018年夏天签，2022年夏天到期，2020和2021年球队选项,162,亚特兰大老鹰
杰伦-亚当斯,10,G,1.88米/6尺2,102公斤/225磅,1996-05-04,双向合同,7,亚特兰大老鹰
亚历克斯-波伊思雷斯,22,F,2.01米/6尺7,108公斤/238磅,1993-09-06,双向合同,7,亚特兰大老鹰
泰勒-泽勒,45,C,2.13米/7尺0,115公斤/253磅,1990-01-17,,,亚特兰大老鹰
BJ-约翰逊,5,F,2.01米/6尺7,91公斤/200磅,1995-12-21,,,亚特兰大老鹰
扬尼斯-阿德托昆博,34,F,2.11米/6尺11,101公斤/222磅,1994-12-06,4年1亿美元。2017年夏天签，2021年夏天到期。,2416,密尔沃基雄鹿
乔治-希尔,3,G,1.91米/6尺3,85公斤/188磅,1986-05-04,3年5700万美元，2017年夏天签，2020年夏天到期，4000万美元保障，2019-20赛季100万美元保障,1900,密尔沃基雄鹿
保罗-加索尔,17,C-F,2.13米/7尺0,113公斤/250磅,1980-07-06,3年4800万美元，2017年夏天签，2020年夏天到期，2019-20赛季670万美元保障,1600,密尔沃基雄鹿
埃里克-布莱索,6,G,1.85米/6尺1,93公斤/205磅,1989-12-09,5年7000万美元，2014年夏天签，2019年夏天到期,1500,密尔沃基雄鹿
克里斯-米德尔顿,22,F-G,2.03米/6尺8,106公斤/234磅,1991-08-12,5年7000万美元，2015年夏天签，2019-20赛季球员选项，2020年夏天到期,1300,密尔沃基雄鹿
尼古拉-米罗蒂奇,41,F,2.08米/6尺10,108公斤/238磅,1991-02-11,2年2500万美元，2017年夏天签，2019年夏天到期，2018-19赛季球队选项，2017-18赛季拥有交易否决权,1250,密尔沃基雄鹿
托尼-斯内尔,21,G,2.01米/6尺7,98公斤/217磅,1991-11-10,4年4600万美元，2017年夏天签，2021年夏天到期，2020-2021赛季球员选项,1061,密尔沃基雄鹿
艾森-伊利亚索瓦,77,F,2.08米/6尺10,107公斤/235磅,1987-05-15,3年2100万美元，2018年夏天签，2021年夏天到期，2020-21赛季无保障,700,密尔沃基雄鹿
布鲁克-洛佩斯,11,C,2.13米/7尺0,122公斤/268磅,1988-04-01,1年338万美元，2018年夏天签，2019年夏天到期,338,密尔沃基雄鹿
DJ-威尔森,5,F,2.08米/6尺10,109公斤/240磅,1996-02-19,4年1218万美元，2017年夏天签，2021年夏天到期，2019-20、2020-21赛季球队选项,253,密尔沃基雄鹿
唐特-迪温琴佐,9,G,1.96米/6尺5,93公斤/205磅,1997-01-31,4年1309万美元，2018年夏天签，2022年夏天到期，2020和2021年球队选项,248,密尔沃基雄鹿
帕特-康诺顿,24,G-F,1.96米/6尺5,95公斤/210磅,1993-01-06,2年336万美元，2018年夏天签，2020年夏天到期,164,密尔沃基雄鹿
马尔科姆-布罗格登,13,G,1.96米/6尺5,98公斤/215磅,1992-12-11,3年378万美元，2016年夏天签，2019年夏天到期， 2018-2019赛季无保障，2018年6月30日之前不被裁则转为全额保障,154,密尔沃基雄鹿
克里斯蒂安-伍德,35,F,2.11米/6尺11,100公斤/220磅,1995-09-27,2年316万美元。2018年夏天签，2020年夏天到期。,151,密尔沃基雄鹿
斯特林-布朗,23,G,1.98米/6尺6,104公斤/230磅,1995-02-10,3年381万美元，2017年夏天签，2020年夏天到期,138,密尔沃基雄鹿
邦齐-科尔森,50,F,1.98米/6尺6,102公斤/224磅,1996-01-12,双向合同,7,密尔沃基雄鹿
特雷旺-杜瓦尔,0,G,1.91米/6尺3,84公斤/186磅,1998-08-03,双向合同,7,密尔沃基雄鹿
维克托-奥拉迪波,4,G,1.93米/6尺4,95公斤/210磅,1992-05-04,4年2138万，2013年夏天签，2017年夏天到期，2016年10月以4年8400万美元提前续约，2017年夏天生效，2021年夏天到期，每年25万不易达到的激励奖金,2100,印第安纳步行者
赛迪斯-杨,21,F,2.03米/6尺8,100公斤/221磅,1988-06-21,4年5400万美元，2015年夏天签，2019年夏天到期，2018-19赛季球员选项，包含15%交易保证金,1376,印第安纳步行者
泰瑞克-埃文斯,12,G,1.98米/6尺6,100公斤/220磅,1989-09-19,1年1230万美元，2018年夏天签，2019年夏天到期,1230,印第安纳步行者
达伦-科里森,2,G,1.83米/6尺0,79公斤/175磅,1987-08-23,2年2000万美元，2017年夏天签，2019年夏天到期，2018-19赛季200万美元保障,1000,印第安纳步行者
科里-约瑟夫,6,G,1.91米/6尺3,86公斤/190磅,1991-08-20,4年2989万美元，2015年夏天签，2019年夏天到期,795,印第安纳步行者
道格-麦克德莫特,20,F,2.03米/6尺8,99公斤/219磅,1992-01-03,3年2200万美元，2018年夏天签，2021年夏天到期,733,印第安纳步行者
凯尔-奥奎因,10,C,2.08米/6尺10,113公斤/250磅,1990-03-26,1年445万美元，2018年夏天签，2019年夏天到期,445,印第安纳步行者
迈尔斯-特纳,33,C-F,2.11米/6尺11,110公斤/243磅,1996-03-24,,341,印第安纳步行者
多曼塔斯-萨博尼斯,11,F,2.11米/6尺11,109公斤/240磅,1996-05-03,4年1118万美元，2016年夏天签，2020年夏天到期，2018-19赛季、2019-20赛季球队选项,266,印第安纳步行者
TJ-利夫,22,F,2.08米/6尺10,102公斤/225磅,1997-04-30,4年1158万美元，2017年夏天签，2021年夏天到期，2019-20、2020-21赛季球队选项,241,印第安纳步行者
阿龙-霍勒迪,3,G,1.85米/6尺1,84公斤/185磅,1996-09-30,4年1047万美元，2018年夏天签，2022年夏天到期，2020和2021年球队选项,191,印第安纳步行者
阿利兹-约翰逊 ,24,F,2.06米/6尺9,91公斤/201磅,1996-04-22,2年225万美元，2018年夏天签，2020年夏天到期，其中包含84万的保证金,84,印第安纳步行者
韦斯利-马修斯,23,G,1.96米/6尺5,100公斤/220磅,1986-10-14,1年74万美元，2019年2月签，2019年夏天到期,74,印第安纳步行者
埃德蒙-萨姆纳,5,G,1.96米/6尺5,84公斤/185磅,1995-12-31,2年204万美元，2019年2月签，2020年夏天到期，2019-20赛季无保障,45,印第安纳步行者
达文-里德,32,G,1.98米/6尺6,100公斤/220磅,1995-06-11,双向合同,7,印第安纳步行者
博扬-波格丹诺维奇,44,F,2.03米/6尺8,102公斤/225磅,1989-04-18,,,印第安纳步行者
布雷克-格里芬,23,F,2.08米/6尺10,114公斤/251磅,1989-03-16,5年1.71亿美元，2017年夏天签，2022年夏天到，2021-22赛季球员选项,3187,底特律活塞
安德烈-德拉蒙德,0,C,2.11米/6尺11,127公斤/279磅,1993-08-10,5年1.3亿美元，2016年夏天签，2021年夏天到期，2020-21赛季球员选项,2543,底特律活塞
雷吉-杰克逊,1,G,1.91米/6尺3,94公斤/208磅,1990-04-16,5年8000万美元，2015年夏天签，2020年夏天到期,1704,底特律活塞
乔恩-洛伊尔,30,F,2.08米/6尺10,103公斤/228磅,1989-05-14,4年4200万美元，2016年夏天签，2020年夏天到期,1000,底特律活塞
兰斯顿-加洛韦,9,G,1.88米/6尺2,91公斤/200磅,1991-12-09,3年2100万美元，2017年夏天签，2020年夏天到期,700,底特律活塞
伊斯梅尔-史密斯,14,G,1.83米/6尺0,79公斤/175磅,1988-07-05,3年1800万美元，2016年夏天签，2019年夏天到期,600,底特律活塞
格伦-罗宾逊三世,22,G-F,1.98米/6尺6,101公斤/222磅,1994-01-08,1年407万美元，2018年夏天签，2019年夏天到期,407,底特律活塞
卢克-肯纳德,5,G,1.96米/6尺5,91公斤/200磅,1996-06-24,4年1514万美元，2017年夏天签，2021年夏天到期，2019-20、2020-21赛季球队选项,328,底特律活塞
索恩-梅克,7,C-F,2.16米/7尺1,101公斤/223磅,1997-02-25,4年931万美元，2016年夏天签，2020年夏天到期，2018-19赛季、2019-20赛季球队选项,280,底特律活塞
何塞-卡尔德隆,81,G,1.91米/6尺3,91公斤/200磅,1981-09-28,1年239万美元，2018年夏天签，2019年夏天到期,239,底特律活塞
扎扎-帕楚里亚,27,C,2.11米/6尺11,125公斤/275磅,1984-02-10,1年239万美元，2018年夏天签，2019年夏天到期,239,底特律活塞
韦恩-艾灵顿,20,G,1.93米/6尺4,91公斤/200磅,1987-11-29,1年238万美元，2019年2月签，2019年夏天到期,238,底特律活塞
斯维亚托斯拉夫-米哈伊柳克,19,F,2.03米/6尺8,87公斤/192磅,1997-06-10,3年457万美元，2018年夏天签，2021年夏天到期，2019-20、2020-21赛季无保障，2019年7月5日、2020年7月5日前不被裁则当赛季转为全额保障,149,底特律活塞
布鲁斯-布朗,6,G,1.96米/6尺5,86公斤/190磅,1996-08-15,3年392万美元，2018年夏天签，2021年夏天到期，2020-21赛季无保障，2020年7月10日前不被裁则全额保障,84,底特律活塞
凯里-托马斯,13,G,1.91米/6尺3,95公斤/210磅,1996-05-08,1年84万美元，2018年夏天签，2019年夏天到期,84,底特律活塞
卡林-卢卡斯,24,G,1.85米/6尺1,88公斤/195磅,1989-05-24,双向合同,7,底特律活塞
以赛亚-怀特黑德,12,G,1.93米/6尺4,97公斤/213磅,1995-03-08,双向合同,7,底特律活塞
奥托-波特,22,F,2.03米/6尺8,90公斤/198磅,1993-06-03,4年1.06亿美元，2017年夏天签，2021年夏天到期，2020-2021赛季球员选项,2601,芝加哥公牛
扎克-拉文,8,G,1.96米/6尺5,84公斤/185磅,1995-03-10,4年7800万美元，2018年夏天签，2022年夏天到期,1950,芝加哥公牛
罗宾-洛佩斯,42,C,2.13米/7尺0,116公斤/255磅,1988-04-01,4年5400万美元，2015年夏天签，2019年夏天到期,1436,芝加哥公牛
克里斯蒂亚诺-费利西奥,6,F-C,2.06米/6尺9,121公斤/266磅,1992-07-07,4年3200万美元，2017年夏天签，2021年夏天到期,847,芝加哥公牛
劳里-马尔卡宁,24,F,2.13米/7尺0,104公斤/230磅,1997-05-22,4年2039万美元，2017年夏天签，2021年夏天到期，2019-2020、2020-2021赛季球队选项,454,芝加哥公牛
温德尔-卡特,34,F,2.08米/6尺10,117公斤/259磅,1999-04-16,4年2201万美元，2018年夏天签，2022年夏天到期，2020和2021年球队选项,444,芝加哥公牛
克里斯-邓恩,32,G,1.93米/6尺4,93公斤/205磅,1994-03-18,4年1749万美元，2016年夏天签，2020年夏天到期，2018-19赛季、2019-20赛季球队选项,422,芝加哥公牛
登泽尔-瓦伦丁,45,G,1.98米/6尺6,96公斤/212磅,1993-11-16,4年805万美元，2016年夏天签，2020年夏天到期，2018-19赛季、2019-20赛季球队选项,228,芝加哥公牛
钱德勒-哈奇森,15,F,2.01米/6尺7,89公斤/196磅,1996-04-26,4年1078万美元，2018年夏天签，2022年夏天到期，2020和2021年球队选项,199,芝加哥公牛
韦恩-塞尔登,14,G-F,1.96米/6尺5,104公斤/230磅,1994-09-30,2年286万美元，2017年夏天签，2019年夏天到期，2018-19赛季无保障 ,154,芝加哥公牛
蒂莫泰-卢瓦乌-卡巴罗,7,G-F,1.98米/6尺6,93公斤/205磅,1995-05-09,4年669万美元，2016年夏天签，2020年夏天到期，2018-19、2019-20赛季球队选项,145,芝加哥公牛
安东尼奥-布莱克尼,9,G,1.93米/6尺4,89公斤/197磅,1996-10-04,2年294万美元，2018年夏天签，2020年夏天到期,135,芝加哥公牛
瑞安-阿西迪亚科诺,51,G,1.91米/6尺3,88公斤/195磅,1994-03-26,1年135万美元，2018年夏天签，2019年夏天到期，部分保证,135,芝加哥公牛
沙奎尔-哈里森,3,G,1.91米/6尺3,86公斤/189磅,1993-10-06,1年131万美元，2018年夏天签，2019年夏天到期,131,芝加哥公牛
布兰登-桑普森,44,G,1.96米/6尺5,83公斤/184磅,1997-05-01,双向合同,7,芝加哥公牛
罗尔-阿尔金斯,20,G,1.96米/6尺5,100公斤/220磅,1997-10-29,双向合同,7,芝加哥公牛
凯文-乐福,0,F-C,2.08米/6尺10,114公斤/251磅,1988-09-07,5年1.13亿美元，2015年夏天签，2020年夏天到期。2018年7月，以4年1.2亿美元提前续约，2019年夏天生效，2023年夏天到期,2412,克利夫兰骑士
特里斯坦-汤普森,13,C-F,2.06米/6尺9,108公斤/238磅,1991-03-13,5年8200万美元，2015年夏天签，2020年夏天到期,1747,克利夫兰骑士
JR-史密斯,5,G-F,1.98米/6尺6,102公斤/225磅,1985-09-09,4年5700万美元。2016年夏天签，2020年夏天到期。,1472,克利夫兰骑士
布兰登-奈特,20,G,1.91米/6尺3,88公斤/195磅,1991-12-02,5年7000万美元，2015年夏天签，2020年夏天到期,1463,克利夫兰骑士
乔丹-克拉克森,8,G,1.96米/6尺5,88公斤/194磅,1992-06-07,4年5000万美元，2016年夏天签，2020年夏天到期,1250,克利夫兰骑士
约翰-亨森,31,C-F,2.11米/6尺11,104公斤/229磅,1990-12-28,4年4400万美元，2015年10月签，2016年夏天生效，2020年夏天到期,1058,克利夫兰骑士
马修-戴拉维多瓦,18,G,1.93米/6尺4,90公斤/198磅,1990-09-08,4年3840万美元，2016年夏天签，2020年夏天到期,960,克利夫兰骑士
科林-塞克斯顿,2,G,1.91米/6尺3,86公斤/190磅,1999-01-04,4年2017万美元，2018年夏天签，2022年夏天到期，2020和2021年球队选项,407,克利夫兰骑士
马基斯-克里斯,3,F,2.08米/6尺10,106公斤/233磅,1997-07-02,4年1330万美元，2016年夏天签，2020年夏天到期，2018-19赛季、2019-20赛季球队选项,321,克利夫兰骑士
切迪-奥斯曼,16,F,2.03米/6尺8,98公斤/215磅,1995-04-08,3年832万美元，2017年夏天签，2020年夏天到期,278,克利夫兰骑士
钱宁-弗莱,9,F-C,2.11米/6尺11,116公斤/255磅,1983-05-17,1年239万美元，2018年夏天签，2019年夏天到期,239,克利夫兰骑士
小拉里-南斯,22,F,2.06米/6尺9,104公斤/230磅,1993-01-01,,227,克利夫兰骑士
安特-日日奇,41,C,2.11米/6尺11,113公斤/250磅,1997-01-04,4年975万美元，2017年夏天签，2021年夏天到期，2019-2020、2020-2021赛季球队选项,195,克利夫兰骑士
大卫-努瓦巴,12,G,1.93米/6尺4,95公斤/209磅,1993-01-14,1年151万美元。2018年夏天签，2019年夏天到期。,151,克利夫兰骑士
尼克-斯陶斯卡斯,1,G,1.98米/6尺6,93公斤/205磅,1993-10-07,1年54万美元，2019年2月签，2019年夏天到期,54,克利夫兰骑士
邓-阿德尔,32,F,2.01米/6尺7,91公斤/200磅,1997-02-01,双向合同,7,克利夫兰骑士
杰朗-布洛瑟姆盖姆,4,F,2.01米/6尺7,100公斤/220磅,1993-09-16,双向合同,7,克利夫兰骑士
