PBirth,PContract,PCurrent_salary,PHeight,PLocation,PName,PNumber,PTeam,PWeight
1985-05-06,4年1.6亿美元，2018年夏天签，2022年夏天到期,3565,1.83米/6尺0,G,克里斯-保罗,3,休斯顿火箭,79公斤/175磅
1989-08-26,2016年夏天在旧合同期内以4年1.18亿美元提前续约至2020年，2017年夏天再次以4年1.7亿美元提前续约至2023年，2022-23赛季球员选项,3043,1.96米/6尺5,G,詹姆斯-哈登,13,休斯顿火箭,100公斤/220磅
1994-05-18,5年9000万美元，2018年夏天签，2023年夏天到期，其中8000万美元保障，每赛季火箭进入西决奖励100万美元，防守篮板率达到30%、罚球命中率达到65%各奖励50万美元,1379,2.11米/6尺11,C,克林特-卡佩拉,15,休斯顿火箭,109公斤/240磅
1988-12-25,4年5289万美元，2016年夏天签，2020年夏天到期。,1350,1.93米/6尺4,G,埃里克-戈登,10,休斯顿火箭,98公斤/215磅
1990-06-26,4年4000万美元，2015年夏天签，2019年夏天到期，2018-19赛季球员选项（已执行）,1101,1.96米/6尺5,G,伊曼-香珀特,1,休斯顿火箭,100公斤/220磅
1985-05-05,4年3188万美元，2017年夏天签，2021年夏天到期，2020-21赛季257万美元保障，2020年7月1日之前不被裁则转为全额保障,797,1.98米/6尺6,F,PJ-塔克,17,休斯顿火箭,111公斤/245磅
1982-09-13,3年1095万美元，2017年夏天签，2020年夏天到期,365,2.11米/6尺11,C-F,内内,42,休斯顿火箭,113公斤/250磅
1986-01-26,1年240万美元，2018年夏天签，2019年夏天到期,240,2.01米/6尺7,G-F,杰拉德-格林,14,休斯顿火箭,93公斤/205磅
1992-08-01,1年116万美元，2018年12月签，2019年夏天到期,116,1.93米/6尺4,G,奥斯汀-里弗斯,25,休斯顿火箭,91公斤/200磅
1989-11-19,1年92万美元，2019年1月签，2019年夏天到期,92,2.03米/6尺8,F-C,肯尼思-法里德,35,休斯顿火箭,103公斤/228磅
1998-05-05,3年392万美元，2018年夏天签，2021年夏天到期,84,2.13米/7尺0,F-C,以赛亚-哈尔滕施泰因,55,休斯顿火箭,113公斤/249磅
1994-11-16,3年367万美元，2018年12月签，其中19-20赛季50%保障，20-21赛季为无保障合同，2021年夏天到期,60,2.03米/6尺8,F,加里-克拉克,6,休斯顿火箭,102公斤/225磅
1993-06-07,双向合同,7,2.01米/6尺7,G,丹纽尔-豪斯,4,休斯顿火箭,98公斤/215磅
1998-08-03,双向合同,7,1.91米/6尺3,G,特雷旺-杜瓦尔,0,休斯顿火箭,84公斤/186磅
1996-04-05,双向合同,7,2.03米/6尺8,F,文森特-爱德华兹,12,休斯顿火箭,102公斤/225磅
1995-11-21,,,1.83米/6尺0,G,克里斯-奇奥萨,2,休斯顿火箭,79公斤/175磅
1989-08-07,5年1.38亿美元，2016年夏天签，2021年夏天到期,2794,2.01米/6尺7,G,德马尔-德罗赞,10,圣安东尼奥马刺,100公斤/220磅
1985-07-19,4年8407万美元，2015年夏天签，2019年夏天到期，2018-19赛季球员选项；2017年10月以3年7230万美元提前续约，2018年夏天生效，2021年到期，如果2020年6月29日之前被裁,2235,2.11米/6尺11,F,拉马库斯-阿尔德里奇,12,圣安东尼奥马刺,118公斤/260磅
1988-08-11,4年5000万美元，2017年夏天签，2021年夏天到期,1205,1.83米/6尺0,G,帕蒂-米尔斯,8,圣安东尼奥马刺,84公斤/185磅
1986-08-17,1年1008万美元，2018年夏天签，2019年夏天到期,1008,2.03米/6尺8,F,鲁迪-盖伊,22,圣安东尼奥马刺,104公斤/230磅
1992-11-12,2年1450万美元，2018年夏天签，2020年夏天到期,700,2.08米/6尺10,F,戴维斯-贝尔坦斯,42,圣安东尼奥马刺,95公斤/210磅
1986-03-25,2年1200万美元，2018年夏天签，2020年夏天到期,615,1.96米/6尺5,G-F,马科-贝里内利,18,圣安东尼奥马刺,95公斤/210磅
1993-07-23,2年600万美元，2018年夏天签，2020年夏天到期,313,1.91米/6尺3,G,布林-福布斯,11,圣安东尼奥马刺,86公斤/190磅
1995-10-15,4年1223万美元，2016年夏天签，2020年夏天到期，2018-19赛季、2019-20赛季球队选项,295,2.13米/7尺0,C,雅各布-珀尔特尔,25,圣安东尼奥马刺,104公斤/230磅
1987-04-22,1年248万美元，2018年夏天签，2019年夏天到期,248,2.03米/6尺8,F,丹特-坎宁安,33,圣安东尼奥马刺,104公斤/230磅
1998-12-14,4年1246万美元，2018年夏天签，2022年夏天到期，2020年和2021年球队选项,236,1.96米/6尺5,G,朗尼-沃克,1,圣安东尼奥马刺,93公斤/204磅
1988-03-10,1年217万美元，2018年夏天签，2019年夏天到期,217,2.01米/6尺7,F,昆西-庞德塞特,3,圣安东尼奥马刺,102公斤/225磅
1994-07-02,4年854万美元，2017年夏天签，2021年夏天到期，2019-20、2020-21赛季球队选项,167,1.96米/6尺5,G,德里克-怀特,4,圣安东尼奥马刺,91公斤/200磅
1996-09-19,4年602万美元，2016年夏天签，2020年夏天到期，2018-19赛季、2019-20赛季球队选项,129,1.96米/6尺5,G,德章泰-默里,5,圣安东尼奥马刺,77公斤/170磅
1997-03-22,3年392万美元，2018年夏天签，2021年夏天到期,84,2.08米/6尺10,F,奇梅齐耶-梅图,7,圣安东尼奥马刺,102公斤/225磅
1995-05-13,双向合同,7,2.03米/6尺8,F,本-摩尔,26,圣安东尼奥马刺,100公斤/220磅
1997-02-01,双向合同,7,2.08米/6尺10,F,德鲁-尤班克斯,14,圣安东尼奥马刺,113公斤/250磅
1990-06-12,5年1.31亿美元，2017年夏天签，2022年夏天到期，2021-22赛季球员选项，激励奖金,2613,1.93米/6尺4,G,朱-霍勒迪,11,新奥尔良鹈鹕,93公斤/205磅
1993-03-11,5年1.3亿美元，2015年夏天签，2016年夏天生效，2021年夏天到期，2020-21赛季球员选项,2543,2.08米/6尺10,F-C,安东尼-戴维斯,23,新奥尔良鹈鹕,115公斤/253磅
1991-03-18,4年4800万美元，2016年夏天签，2020年夏天到期,1225,2.01米/6尺7,F,所罗门-希尔,44,新奥尔良鹈鹕,102公斤/225磅
1989-02-25,4年3400万美元，2016年夏天签，2020年夏天到期,881,1.93米/6尺4,G,伊托万-摩尔,55,新奥尔良鹈鹕,87公斤/191磅
1994-11-29,2年1771万美元，2018年夏天签，2020年夏天到期,864,2.06米/6尺9,F,朱利叶斯-兰德尔,30,新奥尔良鹈鹕,113公斤/250磅
1996-05-29,4年1285万美元，2015年夏天签，2019年夏天到期，2017-18赛季、2018-19赛季球队选项,394,2.01米/6尺7,F,斯坦利-约翰逊,3,新奥尔良鹈鹕,111公斤/245磅
1994-02-22,1年270万美元，2018年夏天签，2019年夏天到期,270,1.93米/6尺4,G,埃尔弗里德-佩顿,4,新奥尔良鹈鹕,84公斤/185磅
1990-03-21,2年431万美元，2017年夏天签，2019年夏天到期，2018-19赛季无保障，2018年6月28日之前不被裁则转为30万美元保障，2018年7月4日之前不被裁则转为全额保障,221,2.03米/6尺8,F,达柳斯-米勒,21,新奥尔良鹈鹕,102公斤/225磅
1991-03-07,1年176万美元，2018年夏天签，2019年夏天到期,176,1.91米/6尺3,G,伊恩-克拉克,2,新奥尔良鹈鹕,79公斤/175磅
1995-12-15,2年327万美元，2018年夏天签，2020年夏天到期,157,2.11米/6尺11,C,贾利尔-奥卡福,8,新奥尔良鹈鹕,125公斤/275磅
1996-09-13,3年250万美元，2016年夏天签，2019年夏天到期，2018-19赛季50万美元保障，常规赛开始前不被裁则转为全额保障,152,2.06米/6尺9,F,谢赫-迪亚洛,13,新奥尔良鹈鹕,100公斤/220磅
1995-09-27,2年316万美元。2018年夏天签，2020年夏天到期。,151,2.11米/6尺11,F,克里斯蒂安-伍德,35,新奥尔良鹈鹕,100公斤/220磅
1998-05-04,3年381万美元，2017年夏天签，2020年夏天到期，2019-20赛季50.6万美元保障,138,1.91米/6尺3,G,弗兰克-杰克逊,15,新奥尔良鹈鹕,93公斤/205磅
1994-12-02,2年228万美元，2018年夏天签，2020年夏天到期,84,2.01米/6尺7,G-F,肯里奇-威廉姆斯,34,新奥尔良鹈鹕,95公斤/209磅
1994-11-04,双向合同,7,1.96米/6尺5,G,特雷旺-布卢伊特,5,新奥尔良鹈鹕,98公斤/215磅
1989-09-09,,,1.93米/6尺4,G,达里斯-贝尔坦,9,新奥尔良鹈鹕,83公斤/183磅
1987-10-11,5年1.53亿美元，2016年夏天签，2021年夏天到期,3052,1.85米/6尺1,G,迈克-康利,11,孟菲斯灰熊,79公斤/175磅
1988-10-25,4年9444万美元，2016年夏天签，2020年夏天到期,2411,2.08米/6尺10,F,钱德勒-帕森斯,25,孟菲斯灰熊,104公斤/230磅
1992-05-06,4年6400万美元，2016年夏天签，2020年夏天到期，2019-20赛季球员选项,1654,2.13米/7尺0,C,约纳斯-瓦兰丘纳斯,17,孟菲斯灰熊,116公斤/255磅
1990-11-26,2年2496万美元，2018年夏天签，2020年夏天到期，其中1400万美元受保障，2019-20赛季200万受保障，如果在2019年7月3日前不被裁则转为全额保障,1200,1.88米/6尺2,G,埃弗里-布拉德利,0,孟菲斯灰熊,82公斤/180磅
1993-09-20,4年3716万美元，2018年夏天签，2022年夏天到期,864,2.06米/6尺9,F,凯尔-安德森,1,孟菲斯灰熊,104公斤/230磅
1987-03-18,3年2500万美元，2017年夏天签，2020年夏天到期，2019-2020赛季球员选项,833,1.98米/6尺6,F-G,CJ-迈尔斯,6,孟菲斯灰熊,102公斤/225磅
1999-09-15,4年2928万美元，2018年夏天签，2022年夏天到期,591,2.11米/6尺11,F,小贾伦-杰克逊,13,孟菲斯灰熊,110公斤/242磅
1989-04-05,2年900万美元，2017年夏天签，2019年夏天到期,438,1.98米/6尺6,G,贾斯廷-霍勒迪,7,孟菲斯灰熊,84公斤/185磅
1992-04-26,4年727万美元，2015年夏天签，2019年夏天到期，2017-18赛季、2018-19赛季球队选项,254,1.96米/6尺5,G,德朗-赖特,2,孟菲斯灰熊,86公斤/190磅
1985-02-25,1年173万美元。2018年12月签，2019年夏天到期。,173,2.11米/6尺11,C,乔金-诺阿,55,孟菲斯灰熊,104公斤/230磅
1996-02-18,2年219万美元，2017年夏天签，2019年夏天到期,138,1.93米/6尺4,G,泰勒-多西,22,孟菲斯灰熊,83公斤/183磅
1996-01-22,3年381万美元，2017年夏天签，2020年夏天到期，2019-20赛季无保障，2019年7月5日之前不被裁则转为全额保障 ,138,1.98米/6尺6,G-F,狄龙-布鲁克斯,24,孟菲斯灰熊,102公斤/225磅
1997-02-04,3年395万美元，2017年夏天签，2020年夏天到期，2019-20赛季球队选项,138,2.08米/6尺10,F,伊万-拉布,10,孟菲斯灰熊,100公斤/220磅
1995-09-14,2年226万美元，2018年夏天签，2020年夏天到期,84,1.88米/6尺2,G,杰文-卡特,3,孟菲斯灰熊,91公斤/200磅
1995-09-21,2年237万美元，2019年2月签，2020年夏天到期，2019-20赛季无保障,52,2.06米/6尺9,F,布鲁诺-卡博克洛,5,孟菲斯灰熊,93公斤/205磅
1991-12-18,双向合同,7,2.03米/6尺8,G-F,朱利安-沃什伯恩,4,孟菲斯灰熊,93公斤/205磅
1994-10-13,双向合同,7,2.06米/6尺9,G-F,渡边雄太,12,孟菲斯灰熊,93公斤/205磅
1993-09-02,,,1.91米/6尺3,G,,8,孟菲斯灰熊,95公斤/210磅
1992-03-16,4年7095万美元，2017年夏天签，2021年夏天到期，15%交易保证金，2020-2021赛季球员选项,1733,1.98米/6尺6,F-G,小蒂姆-哈达威,11,达拉斯独行侠,93公斤/205磅
1985-10-03,4年4800万美元，2016年夏天签，2020年夏天到期,1225,1.96米/6尺5,G,考特尼-李,1,达拉斯独行侠,91公斤/200磅
1991-07-20,4年3700万美元，2016年夏天签，2020年夏天到期，2019-20赛季球员选项,956,2.11米/6尺11,F-C,德怀特-鲍威尔,7,达拉斯独行侠,109公斤/240磅
1999-02-28,4年3246万美元，2018年夏天签，2022年夏天到期，2020和2021年球队选项,656,2.03米/6尺8,G-F,卢卡-东契奇,77,达拉斯独行侠,103公斤/228磅
1995-08-02,4年1865万美元，2015年夏天签，2019年夏天到期，2017-18赛季、2018-19赛季球队选项,570,2.21米/7尺3,F-C,克里斯塔普斯-波尔津吉斯,6,达拉斯独行侠,109公斤/240磅
1978-06-19,1年500万美元，2018年夏天签，2019年夏天到期,500,2.13米/7尺0,F,德克-诺维茨基,41,达拉斯独行侠,111公斤/245磅
1984-06-26,4年1600万美元，2015年夏天签，2019年夏天到期,371,1.83米/6尺0,G,何塞-巴里亚,5,达拉斯独行侠,84公斤/185磅
1995-03-28,4年1348万美元，2017年夏天签，2021年夏天到期，2019-20赛季、2020-21赛季球队选项,281,2.03米/6尺8,F,贾斯廷-杰克逊,44,达拉斯独行侠,95公斤/210磅
1983-02-27,1年239万美元，2018年夏天签，2019年夏天到期,239,1.91米/6尺3,G,德文-哈里斯,34,达拉斯独行侠,84公斤/185磅
1992-11-12,2年258万美元，2018年1月签，2019年夏天到期,180,1.85米/6尺1,G,特雷-伯克,23,达拉斯独行侠,87公斤/191磅
1992-01-29,2年219万美元，2017年夏天签，2019年夏天到期，2018-19赛季球队选项/无保障， 2017年7月15日之前不被裁则转为全额保障,138,2.11米/6尺11,F,马克西-克勒贝尔,42,达拉斯独行侠,100公斤/220磅
1996-08-31,4年611万美元，2018年夏天签，2022年夏天到期，其中431万美元受保障，2021-22赛季无保障,123,1.91米/6尺3,G,杰伦-布伦森,13,达拉斯独行侠,86公斤/190磅
1993-05-04,3年250万美元，2016年夏天签，2019年夏天到期,105,2.03米/6尺8,F,多里安-芬尼-史密斯,10,达拉斯独行侠,100公斤/220磅
1990-08-23,2年240万美元，2018年夏天签，2020年夏天到期，其中2019-20赛季无保障,84,2.01米/6尺7,G-F,瑞安-布罗科夫,45,达拉斯独行侠,98公斤/215磅
1986-06-15,1年53万美元，2019年2月签，2019年夏天到期,53,2.18米/7尺2,C,萨拉赫-梅杰里,50,达拉斯独行侠,111公斤/245磅
1995-11-29,双向合同,7,1.91米/6尺3,G,达里尔-梅肯,3,达拉斯独行侠,84公斤/185磅
1997-11-20,双向合同,7,2.08米/6尺10,F,科斯塔斯-阿德托昆博,37,达拉斯独行侠,88公斤/195磅
1988-03-14,5年2.01亿美元，2017年夏天签，2022年夏天到期，15%交易保证金,3746,1.91米/6尺3,G,斯蒂芬-库里,30,金州勇士,86公斤/190磅
1988-09-29,2年6150万美元，2018年夏天签，2020年夏天到期，2019年球员选项,3000,2.06米/6尺9,F,凯文-杜兰特,35,金州勇士,109公斤/240磅
1990-02-08,4年6900万美元，2014年10月签，2015年夏天生效，2019年夏天到期,1899,2.01米/6尺7,G,克莱-汤普森,11,金州勇士,98公斤/215磅
1990-03-04,5年8200万美元，2015年夏天签，2020年夏天到期,1747,2.01米/6尺7,F,德雷蒙德-格林,23,金州勇士,104公斤/230磅
1984-01-28,3年4800万美元，2017年夏天签，2020年夏天到期,1600,1.98米/6尺6,G-F,安德烈-伊格达拉,9,金州勇士,98公斤/215磅
1985-09-11,3年2369万美元，2017年夏天签，2020年夏天到期，2019-20赛季200万美元保障，2019年6月30日之前不被裁则转为全额保障,831,2.01米/6尺7,G,肖恩-利文斯顿,34,金州勇士,87公斤/192磅
1990-08-13,1年534万美元，2018年夏天签，2019年夏天到期,534,2.11米/6尺11,C,德马库斯-考辛斯,0,金州勇士,122公斤/270磅
1987-03-02,1年217万美元，2018年夏天签，2019年夏天到期,217,2.08米/6尺10,F,约纳斯-杰雷布科,21,金州勇士,105公斤/231磅
1997-06-18,4年922万美元，2018年夏天签，2022年夏天到期，其中2021年2022年俱乐部选项,164,1.98米/6尺6,G,雅各布-埃文斯,10,金州勇士,95公斤/210磅
1996-02-06,1年157万美元，2018年夏天签，2019年夏天到期,157,2.06米/6尺9,F,凯文-卢尼,5,金州勇士,100公斤/220磅
1993-03-23,2年156万美元，2018年4月签，2019年夏天到期,154,1.88米/6尺2,G,奎因-库克,4,金州勇士,81公斤/179磅
1995-01-07,2年219万美元，2017年夏天签，2019年夏天到期,138,2.03米/6尺8,F,乔丹-贝尔,2,金州勇士,102公斤/225磅
1992-09-17,2年277万美元，2018年夏天签，2020年夏天到期,135,2.03米/6尺8,F,阿方索-麦金尼,28,金州勇士,98公斤/215磅
1995-06-30,4年598万美元，2016年夏天签，2020年夏天到期，2018-19赛季、2019-20赛季球队选项,128,2.13米/7尺0,C,达米安-琼斯,15,金州勇士,111公斤/245磅
1996-02-01,双向合同,7,2.01米/6尺7,F,马库斯-德里克森,32,金州勇士,113公斤/249磅
1992-10-21,双向合同,7,1.98米/6尺6,G,达米恩-李,1,金州勇士,95公斤/210磅
1984-11-28,,,2.13米/7尺0,C,安德鲁-博古特,12,金州勇士,118公斤/260磅
1988-08-08,3年6477万美元，2017年夏天签，2020年夏天到期,2159,2.08米/6尺10,F,达尼罗-加里纳利,8,洛杉矶快船,102公斤/225磅
1987-05-10,4年4650万美元，2015年夏天签，2019年夏天到期,1280,2.03米/6尺8,F,威尔森-钱德勒,22,洛杉矶快船,102公斤/225磅
1986-10-27,3年2400万美元，2018年夏天签，2021年夏天到期,800,1.85米/6尺1,G,路易斯-威廉姆斯,23,洛杉矶快船,79公斤/175磅
1986-05-08,3年2400万美元，2016年夏天签，2019年夏天到期,800,1.98米/6尺6,G-F,加莱特-坦普尔,17,洛杉矶快船,88公斤/195磅
1990-06-21,2年1640万美元，2017年夏天签，2019年夏天到期,787,2.06米/6尺9,F,杰迈克尔-格林,4,洛杉矶快船,103公斤/227磅
1994-01-26,2年1200万美元，2018年夏天签，2020年夏天到期,600,2.03米/6尺8,F-C,蒙特雷兹-哈勒尔,5,洛杉矶快船,109公斤/240磅
1988-07-12,4年2303万美元，2015年夏天签，2019年夏天到期，2018-19赛季无保障,503,1.85米/6尺1,G,帕特里克-贝弗利,21,洛杉矶快船,84公斤/185磅
1986-09-09,1年432万美元，2018年夏天签，2019年夏天到期,432,2.03米/6尺8,F,卢克-理查德-巴莫特,12,洛杉矶快船,104公斤/230磅
1998-07-12,4年1696万美元，2018年夏天签，2022年夏天到期，2020-21赛季及2021-22赛季球队选项,337,1.98米/6尺6,G,谢伊-吉尔杰斯-亚历山大,2,洛杉矶快船,82公斤/180磅
1997-02-22,4年1569万美元，2018年夏天签，2022年夏天到期，2020-21赛季及2021-22赛季球队选项,305,1.96米/6尺5,G,杰罗姆-罗宾逊,10,洛杉矶快船,86公斤/190磅
1997-03-13,4年955万美元，2018年夏天签，2022年夏天到期，2020年和2021年球队选项,170,1.93米/6尺4,G,兰德里-沙梅特,20,洛杉矶快船,82公斤/180磅
1994-11-15,3年381万美元，2017年夏天签，2020年夏天到期，2019-20赛季无保障,138,1.96米/6尺5,G,辛达里厄斯-桑韦尔,0,洛杉矶快船,98公斤/215磅
1994-06-10,2年294万美元，2018年夏天签，2020年夏天到期,135,1.96米/6尺5,G,蒂龙-华莱士,9,洛杉矶快船,90公斤/198磅
1997-03-18,3年324万美元，2016年夏天签，2019年夏天到期，2018-19赛季无保障。,113,2.16米/7尺1,C,伊维察-祖巴茨,40,洛杉矶快船,109公斤/240磅
1995-05-04,双向合同,7,2.08米/6尺10,F,乔纳森-莫特利,15,洛杉矶快船,104公斤/230磅
1994-11-20,双向合同,7,2.08米/6尺10,C,安吉尔-德尔加多,31,洛杉矶快船,109公斤/240磅
1996-01-14,,,1.96米/6尺5,G,贾斯廷-比布斯,11,洛杉矶快船,100公斤/220磅
1992-05-30,4年9400万美元，2016年夏天签，2020年夏天到期，2019-20赛季球员选项,2411,2.03米/6尺8,F,哈里森-巴恩斯,40,萨克拉门托国王,102公斤/225磅
1991-07-20,4年4100万美元，2014年10月签，2015年夏天生效，2019年夏天到期,1154,1.98米/6尺6,G,亚历克-伯克斯,13,萨克拉门托国王,97公斤/214磅
1989-02-24,4年3288万美元，2015年夏天签，2019年夏天到期,874,2.13米/7尺0,C,科斯塔-库佛斯,41,萨克拉门托国王,120公斤/265磅
1992-08-18,3年2700万美元，2017年夏天签，2020年夏天到期,853,1.98米/6尺6,G,波格丹-波格丹诺维奇,8,萨克拉门托国王,93公斤/205磅
1999-03-14,4年3613万美元，2018年夏天签，2022年夏天到期，2020-21赛季及2021-22赛季球队选项,730,2.11米/6尺11,F,马文-巴格利,35,萨克拉门托国王,107公斤/235磅
1988-05-09,3年2047万美元，2018年夏天签，2021年夏天到期，其中1332万受保障，2020-21赛季无保障,650,2.08米/6尺10,F,内马尼亚-别利察,88,萨克拉门托国王,102公斤/225磅
1997-12-20,4年2457万美元，2017年夏天签，2021年夏天到期，2019-20、2020-21赛季球队选项,547,1.91米/6尺3,G,达龙-福克斯,5,萨克拉门托国王,79公斤/175磅
1993-08-18,4年1535万美元，2015年夏天签，2019年夏天到期，2017-18赛季、2018-19赛季球队选项,470,2.13米/7尺0,C,威利-考利-斯坦,00,萨克拉门托国王,109公斤/240磅
1992-12-17,4年1589万美元，2016年夏天签，2020年夏天到期，2018-19赛季、2019-20赛季球队选项,383,1.93米/6尺4,G,巴迪-希尔德,24,萨克拉门托国王,97公斤/214磅
1993-05-09,2年615万美元，2018年夏天签，2020年夏天到期,300,1.83米/6尺0,G,约吉-费雷尔,3,萨克拉门托国王,82公斤/180磅
1998-04-22,4年1062万美元，2017年夏天签，2021年夏天到期，2019-20、2020-21赛季球队选项,221,2.08米/6尺10,F-C,哈里-贾尔斯,20,萨克拉门托国王,109公斤/240磅
1997-04-18,4年890万美元，2017年夏天签，2021年夏天到期，2019-20、2020-21赛季球队选项,174,2.03米/6尺8,F,凯莱布-斯瓦尼根,50,萨克拉门托国王,113公斤/250磅
1994-04-03,3年418万美元，2017年夏天签，2020年夏天到期，2019-20赛季无保障，2019年10月15日之前不被裁则转为全额保障 ,138,1.83米/6尺0,G,弗兰克-梅森,10,萨克拉门托国王,86公斤/190磅
1997-03-26,双向合同,7,2.06米/6尺9,F,韦尼恩-加布里埃尔,32,萨克拉门托国王,97公斤/213磅
1994-12-30,双向合同,7,2.01米/6尺7,G-F,特洛伊-威廉姆斯,19,萨克拉门托国王,95公斤/210磅
1986-03-05,,,2.06米/6尺9,F,科里-布鲁尔,33,萨克拉门托国王,84公斤/186磅
1993-12-02,,,1.93米/6尺4,G,,22,萨克拉门托国王,88公斤/193磅
1984-12-30,,3565,2.03米/6尺8,F-G,勒布朗-詹姆斯,23,洛杉矶湖人,113公斤/250磅
1993-02-18,1年1200万美元，2018年夏天签，2019年夏天到期，15%的交易保证金,1200,1.96米/6尺5,G,肯塔维厄斯-考德威尔-波普,1,洛杉矶湖人,93公斤/205磅
1986-02-22,1年900万美元，2018年夏天签，2019年夏天到期,900,1.85米/6尺1,G,拉简-隆多,9,洛杉矶湖人,84公斤/186磅
1997-10-27,4年3347万美元，2017年夏天签，2021年夏天到期，2019-20、2020-21赛季球队选项,746,1.98米/6尺6,G,朗佐-鲍尔,2,洛杉矶湖人,86公斤/190磅
1997-09-02,4年2382万美元，2016年夏天签，2020年夏天到期，2018-19赛季、2019-20赛季球队选项,576,2.06米/6尺9,F,布兰登-英格拉姆,14,洛杉矶湖人,86公斤/190磅
1991-07-01,2年1000万美元，2017年夏天签，2019年夏天到期，2018-2019赛季球员选项,500,2.11米/6尺11,F-C,迈克-穆斯卡拉,31,洛杉矶湖人,109公斤/240磅
1990-09-05,1年445万美元，2018年夏天签，2019年夏天到期,445,1.96米/6尺5,G,兰斯-史蒂芬森,6,洛杉矶湖人,104公斤/230磅
1991-03-16,2年500万美元，2017年夏天签，2019年夏天到期，2018-2019赛季无保障，2018年7月15日之前不被裁则转为全额保障,250,2.01米/6尺7,F,雷吉-布洛克,35,洛杉矶湖人,93公斤/205磅
1988-01-19,1年239万美元，2018年夏天签，2019年夏天到期,239,2.13米/7尺0,C,贾维尔-麦基,7,洛杉矶湖人,122公斤/270磅
1982-10-02,1年211万美元。2018年11月签，2019年夏天到期。,211,2.16米/7尺1,C,泰森-钱德勒,5,洛杉矶湖人,109公斤/240磅
1997-04-26,4年987万美元，2018年夏天签，2022年夏天到期，2020-21、2021-22赛季球队选项,176,2.11米/6尺11,C-F,莫里茨-瓦格纳,15,洛杉矶湖人,109公斤/240磅
1995-07-24,4年874万美元，2017年夏天签，2021年夏天到期，2019-20、2020-21赛季球队选项,169,2.06米/6尺9,F,凯尔-库兹马,0,洛杉矶湖人,100公斤/220磅
1995-03-06,4年847万美元，2017年夏天签，2021年夏天到期，2019-20、2020-21赛季球队选项,166,1.96米/6尺5,G,约什-哈特,3,洛杉矶湖人,98公斤/215磅
1999-11-08,3年408万美元，2018年夏天签，2021年夏天到期，2020-21赛季无保障,100,2.03米/6尺8,G,伊萨克-邦加,17,洛杉矶湖人,81公斤/179磅
1995-05-22,1年84万美元，2018年夏天签，2019年夏天到期,84,2.06米/6尺9,F,乔纳森-威廉姆斯,19,洛杉矶湖人,103公斤/228磅
1994-02-28,双向合同,7,1.96米/6尺5,G,亚历克斯-卡鲁索,4,洛杉矶湖人,84公斤/186磅
1990-06-08,,,1.85米/6尺1,G,斯科特-马查多,10,洛杉矶湖人,93公斤/205磅
1995-04-09,,,1.96米/6尺5,F,,10,洛杉矶湖人,91公斤/201磅
1992-05-07,4年5000万美元，2016年夏天签，2020年夏天到期，2019-20赛季球员选项，15%的交易保证金,1886,1.93米/6尺4,G,泰勒-约翰逊,16,菲尼克斯太阳,84公斤/186磅
1993-09-05,4年972万美元，2014年夏天签，2018年夏天到期，2016-17赛季、2017-18赛季球队选项（已执行），2017年9月以4年4700万美元提前续约，2018年夏天生效，2022年夏天到期,1175,2.03米/6尺8,F,TJ-沃伦,12,菲尼克斯太阳,102公斤/225磅
1998-07-23,4年4037万美元，2018年夏天签，2022年夏天到期，2020-21赛季及2021-22赛季球队选项,816,2.16米/7尺1,C,德安德烈-艾顿,22,菲尼克斯太阳,118公斤/260磅
1997-02-10,4年2712万美元，2017年夏天签，2021年夏天到期，2019-20、2020-21赛季球队选项,604,2.03米/6尺8,F,约什-杰克逊,20,菲尼克斯太阳,93公斤/205磅
1997-11-17,4年1930万美元，2016年夏天签，2020年夏天到期，2018-19赛季、2019-20赛季球队选项,466,2.16米/7尺1,F,德拉甘-本德尔,35,菲尼克斯太阳,102公斤/225磅
1996-08-30,4年1763万美元，2018年夏天签，2022年夏天到期，2020-21赛季及2021-22赛季球队选项,355,2.01米/6尺7,F,米卡尔-布里奇斯,25,菲尼克斯太阳,95公斤/209磅
1991-07-15,3年1000万美元，2016年夏天签，2019年夏天到期,348,1.93米/6尺4,G,特洛伊-丹尼尔斯,30,菲尼克斯太阳,93公斤/205磅
1996-10-30,,331,1.98米/6尺6,G,德文-布克,1,菲尼克斯太阳,93公斤/206磅
1995-12-09,4年923万美元，2015年夏天签，2019年夏天到期，2017-18赛季、2018-19赛季球队选项,321,2.01米/6尺7,F,凯利-乌布雷,3,菲尼克斯太阳,93公斤/205磅
1980-03-20,1年240万美元，2018年夏天签，2019年夏天到期,240,1.96米/6尺5,G,贾马尔-克劳福德,11,菲尼克斯太阳,88公斤/195磅
1993-10-15,4年517万美元，2015年夏天签，2019年夏天到期，2017-18赛季无保障，2018年6月29日前球队选项 ,160,2.08米/6尺10,F-C,里乔恩-霍姆斯,21,菲尼克斯太阳,111公斤/245磅
1997-10-23,3年572万美元，2018年夏天签，2021年夏天到期，其中265万受保障，2020-21赛季无保障，如果在7月10日前不被裁则转为受保障；2021-22赛季球队选项无保障，如果在7月10日前未被裁则,124,1.88米/6尺2,G,埃利-奥科博,2,菲尼克斯太阳,82公斤/180磅
1998-05-28,2年230万美元，2018年夏天签，2020年夏天到期,84,1.93米/6尺4,G,丹东尼-梅尔顿,14,菲尼克斯太阳,86公斤/190磅
1994-01-15,双向合同,7,1.98米/6尺6,F,乔治-金,8,菲尼克斯太阳,100公斤/220磅
1989-02-25,,,1.88米/6尺2,G,吉默-弗雷戴特,32,菲尼克斯太阳,88公斤/195磅
1997-03-11,,,2.08米/6尺10,F,雷-斯波尔丁,26,菲尼克斯太阳,98公斤/215磅
1985-02-10,3年9150万美元，2017年夏天签，2020年夏天到期，2019-2020赛季球队选项,2973,2.03米/6尺8,F,保罗-米尔萨普,4,丹佛掘金,112公斤/246磅
1995-02-19,5年1.48亿美元，2018年夏天签，2023年夏天到期,2548,2.13米/7尺0,C,尼古拉-约基奇,15,丹佛掘金,113公斤/250磅
1994-09-14,4年731万美元，2014年夏天签，2018年夏天到期，2016-17赛季、2017-18赛季球队选项（已执行），2017年10月以4年8400万美元提前续约，2018年夏天生效，2022年夏天到期，,1652,1.93米/6尺4,G,加里-哈里斯,14,丹佛掘金,95公斤/210磅
1990-03-05,3年4100万美元，2017年夏天签，2020年夏天到期,1291,2.11米/6尺11,F-C,梅森-普拉姆利,24,丹佛掘金,116公斤/255磅
1991-01-06,4年5300万美元，2018年夏天签，2020年夏天到期，2021-22赛季球员选项,1183,1.98米/6尺6,G,威尔-巴顿,5,丹佛掘金,79公斤/175磅
1997-02-23,4年1451万美元，2016年夏天签，2020年夏天到期，2018-19赛季、2019-20赛季球队保障,350,1.93米/6尺4,G,贾马尔-默里,27,丹佛掘金,94公斤/207磅
1995-11-05,4年1039万美元，2015年夏天签，2019年夏天到期，2017-18赛季、2018-19赛季球队选项,336,2.08米/6尺10,F,特雷-莱尔斯,7,丹佛掘金,106公斤/234磅
1998-06-29,4年1509万美元，2018年夏天签，2022年夏天到期，其中2020-21、2021-22赛季球队选项,289,2.08米/6尺10,F,迈克尔-波特,1,丹佛掘金,98公斤/215磅
1995-09-28,4年955万美元，2016年夏天签，2020年夏天到期，2018-19赛季、2019-20赛季球队选项,217,2.06米/6尺9,F,胡安-埃尔南戈麦斯,41,丹佛掘金,104公斤/230磅
1989-02-07,1年203万美元，2018年夏天签，2019年夏天到期,203,1.75米/5尺9,G,以赛亚-托马斯,0,丹佛掘金,84公斤/185磅
1990-12-19,2年410万美元，2018年夏天签，2020年夏天到期,200,1.98米/6尺6,F,托里-克雷格,3,丹佛掘金,98公斤/215磅
1996-04-09,4年948万美元，2017年夏天签，2021年夏天到期，2019-20、2020-21赛季球队选项,187,2.06米/6尺9,F,泰勒-莱登,20,丹佛掘金,100公斤/220磅
1996-11-26,4年783万美元，2016年夏天签，2020年夏天到期，2018-19赛季、2019-20赛季球队选项,177,1.96米/6尺5,G,马利克-比斯利,25,丹佛掘金,89公斤/196磅
1995-06-27,3年480万美元，2018年夏天签，2021年夏天到期，其中294万受保障，2020-21赛季无保障,135,1.88米/6尺2,G,蒙特-莫里斯,11,丹佛掘金,79公斤/175磅
1999-04-03,3年392万美元，2018年夏天签，2021年夏天到期，其中226万受保障，2020-21赛季无保障,84,2.06米/6尺9,F,贾里德-范德比尔特,8,丹佛掘金,97公斤/214磅
1995-10-02,双向合同,7,1.88米/6尺2,G,布兰登-古德温,6,丹佛掘金,82公斤/180磅
1996-02-03,双向合同,7,2.13米/7尺0,C,托马斯-韦尔什,45,丹佛掘金,116公斤/255磅
1990-07-15,5年1.4亿美元，2015年夏天签，2016年夏天生效，2021年夏天到期,2798,1.91米/6尺3,G,达米安-利拉德,0,波特兰开拓者,88公斤/195磅
1991-09-19,4年1047万美元，2013年夏天签，2017年夏天到期；2016年夏天以4年1.07亿提前续约，2017年夏天生效，2021年夏天到期,2576,1.91米/6尺3,G,CJ-麦科勒姆,3,波特兰开拓者,86公斤/190磅
1988-10-27,4年7000万美元，2016年夏天签，2020年夏天到期,1787,2.01米/6尺7,G-F,埃文-特纳,1,波特兰开拓者,100公斤/220磅
1994-08-23,4年4800万美元，2018年夏天签，2022年夏天到期，2021-22赛季交易保证金400万,1111,2.13米/7尺0,C,优素福-努尔基奇,27,波特兰开拓者,127公斤/280磅
1992-02-27,4年4100万美元，2016年夏天签，2020年夏天到期,1060,2.16米/7尺1,F-C,迈耶斯-伦纳德,11,波特兰开拓者,116公斤/255磅
1993-05-11,4年4200万，2016年夏天签，2020年夏天到期,1034,2.06米/6尺9,F,莫里斯-哈克利斯,4,波特兰开拓者,100公斤/220磅
1990-09-21,4年3000万美元，2015年夏天签，2019年夏天到期,696,2.06米/6尺9,F,艾尔-法鲁克-阿米奴,8,波特兰开拓者,100公斤/220磅
1997-11-19,4年1633万美元，2017年夏天签，2021年夏天到期，2019-20、2020-21赛季球队选项,363,2.13米/7尺0,F-C,扎克-科林斯,33,波特兰开拓者,104公斤/230磅
1992-10-20,1年347万美元，2018年夏天签，2019年夏天到期,347,2.03米/6尺8,G,罗德尼-胡德,5,波特兰开拓者,93公斤/206磅
1990-08-23,1年279万美元，2018年夏天签，2019年夏天到期,279,1.88米/6尺2,G,塞思-库里,31,波特兰开拓者,84公斤/185磅
1999-06-08,4年1017万美元，2018年夏天签，2022年夏天到期,183,1.91米/6尺3,G,安芬尼-西蒙斯,24,波特兰开拓者,83公斤/183磅
1996-03-18,4年607万美元，2016年夏天签，2020年夏天到期，2018-19赛季、2019-20赛季球队选项,130,2.11米/6尺11,F,斯卡尔-拉比西埃,17,波特兰开拓者,102公斤/225磅
1994-03-07,3年256万美元，2016年夏天签，2019年夏天到期，2018-19赛季无保障,105,2.06米/6尺9,F,杰克-莱曼,10,波特兰开拓者,95公斤/210磅
1999-01-18,3年392万美元，2018年夏天签，2021年夏天到期,84,1.98米/6尺6,G,小加里-特伦特,9,波特兰开拓者,95公斤/209磅
1992-05-20,1年65万美元，2019年2月签，2019年夏天到期,65,2.11米/6尺11,C,埃内斯-坎特,00,波特兰开拓者,111公斤/245磅
1992-06-26,4年550万美元，2013年夏天签，2017年夏天到期，2016年10月以4年1.02亿美元续约，2017年夏天生效，2021年夏天到期，其中9400万美元受保障,2274,2.16米/7尺1,C,鲁迪-戈贝尔,27,犹他爵士,111公斤/245磅
1991-07-15,2年3760万美元，2018年夏天签，2020年夏天到期，其中1600万受保障，2019-2020赛季无保障，如果在2019年7月5日前不被裁则受保障,1600,2.08米/6尺10,F-C,德里克-费沃斯,15,犹他爵士,120公斤/265磅
1990-10-21,4年5500万美元，2014年10月签，2015年夏天生效，2019年夏天到期,1480,1.93米/6尺4,G,里基-卢比奥,3,犹他爵士,86公斤/190磅
1987-10-02,4年5200万美元，2017年夏天签，2021年夏天到期,1305,2.03米/6尺8,F,乔-英格尔斯,2,犹他爵士,102公斤/226磅
1995-07-13,3年3300万美元，2018年夏天签，2021年夏天到期，其中2730万受保障，每赛季190万美元激励奖金,910,1.98米/6尺6,G,丹特-埃克萨姆,11,犹他爵士,86公斤/190磅
1981-03-17,3年2206万美元，2017年夏天签，2019年夏天到期，2019-2020赛季344万美元保障，2019年7月7日之前不被裁则转为全额保障,756,2.01米/6尺7,G-F,凯尔-科沃尔,26,犹他爵士,96公斤/212磅
1990-07-06,5年3500万美元，2015年夏天签，2020年夏天到期,746,1.98米/6尺6,F,杰-克劳德,99,犹他爵士,107公斤/235磅
1984-05-02,2年1050万美元，2017年夏天签，2019年夏天到期， 2018-19赛季无保障，2018年7月1日之前不被裁则转为全额保障,525,2.01米/6尺7,F,萨博-塞福洛沙,22,犹他爵士,100公斤/220磅
1987-05-20,2年656万美元，2017年夏天签，2019年夏天到期，2018-19赛季无保障，2018年7月9日之前不被裁则转为全额保障,336,2.08米/6尺10,F-C,艾派-尤度,33,犹他爵士,111公斤/245磅
1996-09-07,4年1456万美元，2017年夏天签，2021年夏天到期，2019-20、2020-21赛季球队选项,311,1.91米/6尺3,G,多诺万-米切尔,45,犹他爵士,98公斤/215磅
1992-05-19,2年440万美元，2018年夏天签，2020年夏天到期，其中210万受保障，2019-2020赛季无保障,210,1.85米/6尺1,G,劳尔-内托,25,犹他爵士,81公斤/179磅
1995-10-08,4年1109万美元，2018年夏天签，2022年夏天到期，2020-21赛季及2021-22赛季无保障2020和2021年球队选项,207,1.96米/6尺5,G,格雷森-阿伦,24,犹他爵士,93公斤/205磅
1998-01-08,4年860万美元，2017年夏天签，2021年夏天到期，2019-20、2020-21赛季球队选项,168,2.08米/6尺10,C,托尼-布拉德利,13,犹他爵士,109公斤/240磅
1993-06-17,3年494万美元，2018年夏天签，2021年夏天到期，其中151万受保障，2019-2020、2020-21赛季无保障,151,2.03米/6尺8,F,乔治-尼昂,31,犹他爵士,104公斤/230磅
1993-06-05,3年381万美元，2017年夏天签，2020年夏天到期，2018-19赛季、2019-20赛季无保障,138,1.98米/6尺6,F,罗伊斯-奥尼尔,23,犹他爵士,102公斤/226磅
1993-08-03,双向合同,7,1.93米/6尺4,G,纳兹-米特鲁-朗,30,犹他爵士,99公斤/218磅
1994-02-09,双向合同,7,2.06米/6尺9,F,泰勒-卡瓦诺,34,犹他爵士,108公斤/238磅
1988-11-12,5年8000万美元，2012年1月签，2012年夏天生效，2017年夏天到期；2016年夏天以3年8600万美元重新续约；2017年9月以5年2.05亿美元提前续约，2018年夏天生效，2023年夏天,3535,1.91米/6尺3,G,拉塞尔-威斯布鲁克,0,俄克拉荷马城雷霆,91公斤/200磅
1990-05-02,4年1.37亿美元，2018年夏天签，2022年夏天到期，2021年球员选项,3056,2.06米/6尺9,F,保罗-乔治,13,俄克拉荷马城雷霆,100公斤/220磅
1993-07-20,4年969万美元，2013年夏天签，2017年夏天到期，2016年10月以4年1亿美元提前续约，2017年夏天生效，2021年到期,2416,2.13米/7尺0,C,史蒂文-亚当斯,12,俄克拉荷马城雷霆,116公斤/255磅
1993-09-15,4年7500万，2013年夏天签，2016年10月以4年7000万美元提前续约，2017年夏天生效，2021年夏天到期，其中6200万美元受保障，200万美元不易达到的激励奖金,1550,1.85米/6尺1,G,丹尼斯-施罗德,17,俄克拉荷马城雷霆,78公斤/172磅
1991-12-04,3年3000万美元，2017年夏天签，2020年夏天到期,1000,2.01米/6尺7,G-F,安德烈-罗伯森,21,俄克拉荷马城雷霆,95公斤/210磅
1994-03-12,3年2735万美元，2018年夏天签，2021年夏天到期，2020年球员选项,865,2.06米/6尺9,F,杰拉米-格兰特,9,俄克拉荷马城雷霆,95公斤/210磅
1989-03-14,3年1635万美元，2017年夏天签，2020年夏天到期，2019-2020赛季球员选项,545,2.06米/6尺9,F,帕特里克-帕特森,54,俄克拉荷马城雷霆,107公斤/235磅
1984-06-26,1年239万美元，2018年夏天签，2019年夏天到期,239,1.85米/6尺1,G,雷蒙德-费尔顿,2,俄克拉荷马城雷霆,93公斤/205磅
1998-05-17,4年1032万美元，2017年夏天签，2021年夏天到期，2019-2020、2020-2021赛季球队选项,212,2.01米/6尺7,G,特伦斯-弗格森,23,俄克拉荷马城雷霆,84公斤/185磅
1994-04-10,2年374万美元，2018年夏天签，2020年夏天到期，2019年球员选项,175,2.11米/6尺11,F-C,纳伦斯-诺埃尔,3,俄克拉荷马城雷霆,103公斤/228磅
1993-09-25,3年416万美元，2017年夏天签，2020年夏天到期。,138,1.98米/6尺6,F,阿卜杜勒-纳迪尔,11,俄克拉荷马城雷霆,104公斤/230磅
1998-07-31,3年392万美元，2018年夏天签，2021年夏天到期,84,1.96米/6尺5,G,哈米杜-迪亚洛,6,俄克拉荷马城雷霆,90公斤/198磅
1994-01-31,双向合同,7,1.96米/6尺5,G,德翁特-伯顿,30,俄克拉荷马城雷霆,113公斤/250磅
1995-03-19,双向合同,7,2.03米/6尺8,F,唐特-格兰瑟姆,15,俄克拉荷马城雷霆,98公斤/215磅
1996-07-26,,,1.83米/6尺0,G,贾旺-埃文斯,8,俄克拉荷马城雷霆,86公斤/190磅
1989-09-02,,,2.08米/6尺10,F,马基夫-莫里斯,5,俄克拉荷马城雷霆,111公斤/245磅
1995-02-23,4年2484万美元，2014年夏天签，2018年夏天到期，2016-17赛季、2017-18赛季球队选项；2017年10月以5年1.48亿美元提前续约，2018年夏天生效，2023年到期,2525,2.03米/6尺8,F,安德鲁-威金斯,22,明尼苏达森林狼,90公斤/199磅
1988-06-10,3年5700万美元，2017年夏天签，2020年夏天到期，2019-2020赛季球员选项,1900,1.88米/6尺2,G,杰夫-蒂格,0,明尼苏达森林狼,84公斤/186磅
1990-01-18,4年658万美元，2013年夏天签，2016年10月以4年6400万美元提前续约，2017年夏天生效，2021年夏天到期,1517,2.11米/6尺11,C,戈尔吉-吉昂,5,明尼苏达森林狼,109公斤/240磅
1985-06-24,2年2800万美元，2017年夏天签，2019年夏天到期,1400,2.06米/6尺9,F,泰-吉布森,67,明尼苏达森林狼,107公斤/236磅
1990-12-14,5年6160万美元，2017年11月签，2017年11月生效，2022年夏天到期，新合同包含将2017-18赛季薪金从157万美元提升至1670万美元,1002,2.06米/6尺9,F,罗伯特-科温顿,33,明尼苏达森林狼,98公斤/215磅
1988-08-20,3年2700万美元，2016年夏天签，2019年夏天到期,858,1.91米/6尺3,G,杰里-贝勒斯,8,明尼苏达森林狼,91公斤/200磅
1995-11-15,4年2572万美元，2015年夏天签，2019年夏天到期。2018年夏天提前续约5年1.58亿美元，2019年夏天生效。,784,2.13米/7尺0,C-F,卡尔-安东尼-唐斯,32,明尼苏达森林狼,111公斤/244磅
1985-06-01,1年575万美元，2018年夏天签，2019年夏天到期,575,2.03米/6尺8,F,安东尼-托利弗,43,明尼苏达森林狼,109公斤/240磅
1994-04-08,4年1075万美元，2016年夏天签，2020年夏天到期。,253,2.08米/6尺10,F,达里奥-沙里奇,36,明尼苏达森林狼,101公斤/223磅
1996-05-10,4年646万美元，2015年夏天签，2019年夏天到期，2017-18赛季、2018-19赛季球队选项,244,1.88米/6尺2,G,泰厄斯-琼斯,1,明尼苏达森林狼,88公斤/195磅
1985-04-16,1年240万美元，2018年夏天签，2019年到期,240,2.06米/6尺9,F,洛尔-邓,9,明尼苏达森林狼,100公斤/220磅
1988-10-04,1年240万美元，2018年夏天签，2019年夏天到期,240,1.91米/6尺3,G,德里克-罗斯,25,明尼苏达森林狼,86公斤/190磅
1998-09-01,4年1173万美元，2018年夏天签，2022年夏天到期，2020-21、2021-22赛季球队选项,216,1.93米/6尺4,G,约什-奥科吉,20,明尼苏达森林狼,97公斤/213磅
1996-01-23,2年226万美元，2018年夏天签，2020年夏天到期,84,2.01米/6尺7,F,凯塔-贝茨-迪奥普,31,明尼苏达森林狼,107公斤/235磅
1995-02-10,双向合同,7,1.91米/6尺3,G,杰瑞-特雷尔,3,明尼苏达森林狼,98公斤/215磅
1990-02-06,双向合同,7,1.96米/6尺5,G,CJ-威廉姆斯,12,明尼苏达森林狼,104公斤/230磅
1992-04-27,,,1.96米/6尺5,F,米奇-克里克,55,明尼苏达森林狼,98公斤/216磅
1995-02-07,,,2.03米/6尺8,G-F,卡姆-雷诺兹,13,明尼苏达森林狼,102公斤/225磅
1986-03-25,3年1亿美元，2017年夏天签，2020年夏天到期，7百万美元不易达到的激励奖金,3100,1.83米/6尺0,G,凯尔-洛瑞,7,多伦多猛龙,93公斤/205磅
1985-01-29,5年1.13亿美元，2015年夏天签，2020年夏天到期，2019-20赛季球员选项,2412,2.16米/7尺1,C,马克-加索尔,33,多伦多猛龙,116公斤/255磅
1989-09-18,3年6500万美元，2017年夏天签，2020年夏天到期,2167,2.08米/6尺10,C-F,赛尔吉-伊巴卡,9,多伦多猛龙,107公斤/235磅
1991-06-29,5年9434万美元，2015年夏天签，2020年夏天到期，2019-20赛季球员选项,2010,2.01米/6尺7,F,科怀-伦纳德,2,多伦多猛龙,104公斤/230磅
1987-06-22,4年4000万美元，2015年夏天签，2019年夏天到期，2018-19赛季球员选项,1000,1.98米/6尺6,G-F,丹尼-格林,14,多伦多猛龙,98公斤/215磅
1993-05-25,"3年254万美元，2015年夏天签，2018年夏天到期，2017-18赛季无保障,2017年6月29日之前没被裁则转为全额保障（已转为全额保障）；2017年10月以4年4200万美元续约，2018年夏",937,1.93米/6尺4,F-G,诺曼-鲍威尔,24,多伦多猛龙,98公斤/215磅
1994-02-25,2年1811万美元，2018年夏天签，2020年夏天到期,865,1.83米/6尺0,G,弗雷德-范弗利特,23,多伦多猛龙,88公斤/195磅
1997-07-17,4年975万美元，2017年夏天签，2021年夏天到期，2019-20、2020-21赛季球队选项,195,2.03米/6尺8,F,OG-阿奴诺比,3,多伦多猛龙,107公斤/235磅
1994-04-02,4年610万美元，2016年夏天签，2020年夏天到期，2018-19赛季、2019-20赛季球队选项,130,2.06米/6尺9,F,帕斯卡尔-西亚卡姆,43,多伦多猛龙,104公斤/230磅
1995-10-25,1年78万美元，2019年1月签，2019年夏天到期,78,2.01米/6尺7,G,帕特里克-麦考,1,多伦多猛龙,84公斤/185磅
1988-08-23,1年70万美元，2019年2月签，2019年夏天到期,70,1.91米/6尺3,G,林书豪,17,多伦多猛龙,91公斤/200磅
1993-03-06,2年205万美元，2019年2月签，2020年夏天到期，2019-20赛季无保障,46,2.01米/6尺7,F,马尔科姆-米勒,13,多伦多猛龙,95公斤/210磅
1993-01-11,2年205万美元，2019年2月签，2020年夏天到期，2019-20赛季无保障,46,2.08米/6尺10,F,克里斯-布歇,25,多伦多猛龙,91公斤/200磅
1993-07-27,双向合同,7,1.93米/6尺4,G,乔丹-劳埃德,8,多伦多猛龙,95公斤/210磅
1987-08-21,,,1.93米/6尺4,G,约迪-米克斯,,多伦多猛龙,95公斤/210磅
1994-03-16,4年1998万美元，2014年夏天签，2018年夏天到期；2017年10月以5年1.48亿美元提前续约，2018年夏天生效，2023年夏天到期；,2525,2.13米/7尺0,C,乔尔-恩比德,21,费城76人,113公斤/250磅
1989-09-14,5年8774万美元，2015年夏天签，2020年夏天到期，2019-20赛季球员选项,1869,2.01米/6尺7,F,吉米-巴特勒,23,费城76人,105公斤/231磅
1992-07-15,4年6400万美元，2015年夏天签，2019年夏天到期,1480,2.06米/6尺9,F,托拜厄斯-哈里斯,33,费城76人,107公斤/235磅
1984-06-24,1年1225万美元，2018年夏天签，2019年夏天到期,1225,1.93米/6尺4,G,JJ-雷迪克,17,费城76人,86公斤/190磅
1988-08-15,3年2100万美元，2016年夏天签，2019年夏天到期,700,2.21米/7尺3,C,博班-马里亚诺维奇,51,费城76人,132公斤/290磅
1996-07-20,4年2662万美元，2016年夏天签，2020年夏天到期，2018-19赛季、2019-20赛季球队选项,643,2.08米/6尺10,G-F,本-西蒙斯,25,费城76人,109公斤/240磅
1989-09-14,3年2000万美元，2017年夏天签，2020年夏天到期，2019-2020赛季100万美元保障,600,1.98米/6尺6,G,乔纳森-西蒙斯,14,费城76人,88公斤/195磅
1988-07-16,1年432万美元，2018年夏天签，2019年夏天到期,432,2.03米/6尺8,F,迈克-斯科特,1,费城76人,107公斤/237磅
1997-06-14,4年1282万美元，2017年夏天签，2021年夏天到期，2019-2020、2020-2021赛季球队选项,267,2.13米/7尺0,C,贾斯廷-巴顿,0,费城76人,104公斤/230磅
1999-06-04,4年1379万美元，2018年夏天签，2022年夏天到期，2020年和2021年球队选项,261,1.93米/6尺4,G,扎伊尔-史密斯,8,费城76人,90公斤/199磅
1987-05-01,1年239万美元，2018年夏天签，2019年夏天到期,239,2.06米/6尺9,C-F,阿米尔-约翰逊,5,费城76人,109公斤/240磅
1996-01-02,4年700万美元。2018年夏天签，2022年夏天到期。,169,2.08米/6尺10,F,乔纳-博尔登,43,费城76人,107公斤/235磅
1990-07-01,2年347万美元，2018年夏天签，2020年夏天到期，2019年球员选项,162,2.01米/6尺7,F,詹姆斯-恩尼斯,11,费城76人,95公斤/210磅
1992-03-25,4年447万美元，2015年夏天签，2019年夏天到期；2015-16赛季10万美元保障（已转为全额保障），2017-2018赛季无保障，2018-2019赛季球队选项,160,1.88米/6尺2,G,TJ-麦康奈尔,12,费城76人,91公斤/200磅
1997-07-24,4年866万美元，2017年夏天签，2021年夏天到期，2019-20、2020-21赛季球队选项,150,2.01米/6尺7,G-F,富尔坎-科尔克马兹,30,费城76人,86公斤/190磅
1996-12-09,双向合同,7,2.01米/6尺7,F,海伍德-海史密斯,7,费城76人,100公斤/220磅
1996-09-26,双向合同,7,1.98米/6尺6,G,谢克-米尔顿,18,费城76人,93公斤/205磅
1990-03-23,4年1.28亿美元，2017年夏天签，2021年夏天到期，2020-21赛季球员选项，15%交易保证金,3121,2.03米/6尺8,F,戈登-海沃德,20,波士顿凯尔特人,102公斤/226磅
1986-06-03,4年1.13亿美元，2016年夏天签，2020年夏天到期，2019-20赛季球员选项,2893,2.08米/6尺10,C-F,艾尔-霍弗德,42,波士顿凯尔特人,111公斤/245磅
1992-03-23,5年9000万美元，2014年夏天签，2015年夏天生效，2020年夏天到期，2019-20赛季球员选项,2010,1.91米/6尺3,G,凯里-欧文,11,波士顿凯尔特人,88公斤/193磅
1994-03-06,4年5200万美元，2018年夏天签，2022年夏天到期，每年身体脂肪含量达到球队要求则有50万奖金,1160,1.93米/6尺4,G,马库斯-斯马特,36,波士顿凯尔特人,100公斤/220磅
1998-03-03,4年3007万美元，2017年夏天签，2021年夏天到期，2019-20、2020-21赛季球队选项,670,2.03米/6尺8,F,杰森-塔特姆,0,波士顿凯尔特人,93公斤/205磅
1989-09-02,4年2000万美元，2014年9月签，2015年夏天生效，2019年夏天到期,538,2.06米/6尺9,F,马库斯-莫里斯,13,波士顿凯尔特人,107公斤/235磅
1986-12-09,2年1065万美元，2018年夏天签，2020年夏天到期，2019年球员选项,519,2.08米/6尺10,C-F,阿隆-贝恩斯,46,波士顿凯尔特人,118公斤/260磅
1996-10-24,4年2140万美元，2016年夏天签，2020年夏天到期，2018-19赛季、2019-20赛季球队选项,517,2.01米/6尺7,F-G,杰伦-布朗,7,波士顿凯尔特人,102公斤/225磅
1994-03-17,4年877万美元，2015年夏天签，2019年夏天到期，2017-18赛季、2018-19赛季球队选项（已执行）,305,1.88米/6尺2,G,特里-罗齐尔,12,波士顿凯尔特人,86公斤/190磅
1995-12-17,4年1281万美元，2017年夏天签，2021年夏天到期，2019-20、2020-21赛季球队选项,267,2.03米/6尺8,F,盖尔雄-亚布塞莱,30,波士顿凯尔特人,118公斤/260磅
1997-10-17,"4年927万美元，2018年夏天签，2022年夏天到期,2020和2021年球队选项",165,2.06米/6尺9,C-F,罗伯特-威廉姆斯,44,波士顿凯尔特人,107公斤/237磅
1992-04-04,2年219万美元，2017年夏天签，2019年夏天到期,138,2.06米/6尺9,F,丹尼尔-泰斯,27,波士顿凯尔特人,110公斤/243磅
1994-12-05,4年604万美元，2017年夏天签，2021年夏天到期；2018-19赛季90万美元保障，2018年7月15日之前不被裁则转为全额保障，2019-20赛季无保障，2019年7月1日之前不被裁则转为全额,138,2.01米/6尺7,F,谢米-奥杰莱,37,波士顿凯尔特人,107公斤/235磅
1989-07-25,1年84万美元，2018年夏天签，2019年夏天到期,84,1.93米/6尺4,G,布拉德-沃纳梅克,9,波士顿凯尔特人,95公斤/210磅
1996-10-25,双向合同,7,1.98米/6尺6,G-F,PJ-多齐尔,50,波士顿凯尔特人,93公斤/205磅
1993-10-24,双向合同,7,1.98米/6尺6,G,RJ-亨特,28,波士顿凯尔特人,84公斤/185磅
1990-06-04,,,2.11米/6尺11,C,格雷格-门罗,,波士顿凯尔特人,120公斤/265磅
1992-04-09,4年7483万美元，2016年夏天签，2020年夏天到期，2019-20赛季球员选项,1850,1.98米/6尺6,G-F,阿伦-克拉布,33,布鲁克林篮网,98公斤/215磅
1986-07-27,4年5807万美元，2015年夏天签，2019年夏天到期,1540,2.03米/6尺8,F,德马雷-卡罗尔,9,布鲁克林篮网,96公斤/212磅
1985-07-10,3年3000万美元，2016年夏天签，2019年夏天到期,953,2.01米/6尺7,F,贾里德-杜德利,6,布鲁克林篮网,102公斤/225磅
1991-09-06,2年1600万美元，2018年夏天签，2020年夏天到期,800,1.98米/6尺6,G-F,乔-哈里斯,12,布鲁克林篮网,99公斤/219磅
1996-02-23,4年2302万美元，2015年夏天签，2019年夏天到期，2017-18赛季、2018-19赛季球队选项,702,1.96米/6尺5,G,丹吉洛-拉塞尔,1,布鲁克林篮网,88公斤/195磅
1989-06-05,1年445万美元，2018年夏天签，2019年夏天到期,445,2.08米/6尺10,C,埃德-戴维斯,17,布鲁克林篮网,111公斤/245磅
1995-01-03,4年666万美元，2015年夏天签，2019年夏天到期，2017-18赛季、2018-19赛季球队选项,224,2.01米/6尺7,F,朗戴-霍利斯-杰弗森,24,布鲁克林篮网,97公斤/214磅
1998-04-21,4年1003万美元，2017年夏天签，2021年夏天到期，2019-20、2020-21赛季球队选项,203,2.08米/6尺10,C,贾莱特-阿伦,31,布鲁克林篮网,107公斤/235磅
1991-07-14,2年379万美元，2018年夏天签，2020年夏天到期，其中194万受保障，2019-20赛季球队选项且无保障,194,1.85米/6尺1,G,沙巴兹-内皮尔,13,布鲁克林篮网,79公斤/175磅
1994-08-25,4年752万美元，2016年夏天签，2020年夏天到期，2018-19赛季、2019-20赛季球队选项,170,2.01米/6尺7,G,卡里斯-勒韦尔,22,布鲁克林篮网,92公斤/203磅
1993-04-06,3年290万美元，2016年夏天签，2019年夏天到期，2016-17赛季部分保障，2017-18赛季5万美元保障，2017年10月30日之前不被裁则转为25万美元保障，2018-19赛季无保障。20,166,1.98米/6尺6,G,斯潘塞-丁威迪,8,布鲁克林篮网,91公斤/200磅
1999-05-08,4年916万美元，2018年夏天签，2022年夏天到期，2020-21赛季以及2021-22赛季球队选项,163,2.06米/6尺9,G-F,扎南-穆萨,30,布鲁克林篮网,88公斤/195磅
1998-02-05,4年696万美元，2018年夏天签，2022年夏天到期，2020-21赛季以及2021-22赛季球队选项,162,2.06米/6尺9,F,罗季翁斯-库鲁茨,00,布鲁克林篮网,100公斤/220磅
1993-10-28,2年316万美元，2018年夏天签，2020年夏天到期，其中151万受保障，2019-20赛季无保障,151,1.98米/6尺6,F,特雷韦恩-格雷厄姆,21,布鲁克林篮网,102公斤/226磅
1993-01-28,双向合同,7,2.03米/6尺8,F,阿兰-威廉姆斯,15,布鲁克林篮网,118公斤/260磅
1995-11-05,双向合同,7,1.98米/6尺6,G,西奥-平森,10,布鲁克林篮网,99公斤/218磅
1988-07-21,1年2290万美元，2018年夏天签，2019年夏天到期,2290,2.11米/6尺11,C,德安德烈-乔丹,6,纽约尼克斯,120公斤/265磅
1988-04-24,4年2755万美元，2016年夏天签，2020年夏天到期，2019-20赛季无保障，2019年6月30日之前不被裁则转为100万美元保障，2020年1月20日之前不被裁则转为全额保障,712,2.03米/6尺8,F,兰斯-托马斯,42,纽约尼克斯,107公斤/235磅
1995-02-25,1年650万美元，2018年夏天签，2019年夏天到期,650,2.03米/6尺8,F-G,马里奥-海佐尼亚,8,纽约尼克斯,99公斤/218磅
1996-03-05,4年1420万美元，2015年夏天签，2019年夏天到期，2017-18赛季、2018-19赛季球队选项,429,1.96米/6尺5,G,伊曼纽尔-穆迪埃,1,纽约尼克斯,91公斤/200磅
1998-07-28,4年1869万美元，2017年夏天签，2021年夏天到期，2019-20赛季、2020-21赛季球队选项,416,1.96米/6尺5,G,弗朗克-尼利基纳,11,纽约尼克斯,86公斤/190磅
1997-11-25,4年1719万美元，2017年夏天签，2021年夏天到期，2019-20、2020-21赛季球队选项,382,1.91米/6尺3,G,丹尼斯-史密斯,5,纽约尼克斯,88公斤/195磅
1999-08-11,4年1855万美元，2018年夏天签，2022年夏天到期，其中2020年和2021年俱乐部选项,374,2.06米/6尺9,F,凯文-诺克斯,20,纽约尼克斯,98公斤/215磅
1996-01-17,2年693万美元，2018年12月签，2020年夏天到期。2019-20赛季球队选项。,338,1.96米/6尺5,G,阿朗佐-特里尔,14,纽约尼克斯,90公斤/198磅
1995-07-15,1年162万美元，2018年夏天签，2019年夏天到期,162,2.16米/7尺1,F-C,卢克-科内特,2,纽约尼克斯,113公斤/250磅
1994-05-06,3年410万美元，2018年夏天签，2021年夏天到期，2019年无保证,162,1.96米/6尺5,G,丹伊恩-多特森,21,纽约尼克斯,95公斤/210磅
1995-08-24,,162,2.06米/6尺9,F,诺阿-冯莱,32,纽约尼克斯,111公斤/245磅
1998-04-01,3年471万美元，2018年夏天签，2021年夏天到期，2020年无保障，如果在6月29日之前没有宣布放弃，则继续执行,149,2.16米/7尺1,C,米切尔-罗宾逊,26,纽约尼克斯,101公斤/223磅
1991-03-06,10天9.9万美元，2月10日签，2月20日到期,10,1.93米/6尺4,G,约翰-詹金斯,30,纽约尼克斯,98公斤/215磅
1993-01-15,双向合同,7,1.91米/6尺3,G,卡迪姆-阿伦,0,纽约尼克斯,91公斤/200磅
1994-07-24,双向合同,7,2.06米/6尺9,F,以赛亚-希克斯,4,纽约尼克斯,110公斤/242磅
1997-01-13,,,2.11米/6尺11,F,亨利-埃伦森,13,纽约尼克斯,111公斤/245磅
1989-06-13,4年9842万美元，2016年夏天签，2020年夏天到期，2019-2020赛季球员选项,2543,2.13米/7尺0,C,哈桑-怀特塞德,21,迈阿密热火,120公斤/265磅
1988-05-06,4年8000万美元，2016年夏天签，2020年夏天到期。,2042,2.08米/6尺10,F,莱恩-安德森,31,迈阿密热火,109公斤/240磅
1986-05-06,5年9000万美元，2015年夏天签，2020年夏天到期，2019-20赛季球员选项,1811,1.91米/6尺3,G,戈兰-德拉季奇,7,迈阿密热火,86公斤/190磅
1987-02-20,4年5912万美元，2017年夏天签，2021年夏天到期，2020-21赛季球员选项，94.6万可能拿到的激励奖金，其中2017-18赛季22万，另有其他体重控制奖金,1443,2.06米/6尺9,F,詹姆斯-约翰逊,16,迈阿密热火,113公斤/250磅
1991-12-10,4年5200万美元，2017年夏天签，2021年夏天到期，470万美元不易达到的激励奖金，2017-18赛季需至少出战70场比赛可获得110万美元激励奖金,1155,1.93米/6尺4,G,迪昂-韦特斯,11,迈阿密热火,100公斤/220磅
1991-04-19,4年5000万美元，2017年夏天签，2021年夏天到期，560万不易达到的激励奖金，剩余合同价值的5%或200万美元的交易金（两者取其小），2020-2021赛季球员选项,1114,2.13米/7尺0,F,凯利-奥利尼克,9,迈阿密热火,108公斤/238磅
1993-09-15,3年287万美元，2015年夏天签，2018年夏天到期；2017年9月以4年4197万美元提前续约，2018年夏天生效，2022年夏天到期，2021-22赛季球员选项,937,1.98米/6尺6,F,约什-理查德森,0,迈阿密热火,91公斤/200磅
1996-03-26,4年1123万美元，2015年夏天签，2019年夏天到期，2018年10月以3年3900万美元提前续约，2019年夏天生效，2022年夏天到期,345,2.01米/6尺7,F,贾斯蒂斯-温斯洛,20,迈阿密热火,102公斤/225磅
1997-07-18,4年1402万美元，2017年夏天签，2021年夏天到期，2019-20、2020-21赛季球队选项,296,2.08米/6尺10,C-F,巴姆-阿德巴约,13,迈阿密热火,116公斤/255磅
1982-01-17,1年240万美元，2018年夏天签，2019年夏天到期,240,1.93米/6尺4,G,德维恩-韦德,3,迈阿密热火,100公斤/220磅
1980-06-09,1年240万美元，2018年夏天签，2019年夏天到期,240,2.03米/6尺8,F,犹多尼斯-哈斯勒姆,40,迈阿密热火,107公斤/235磅
1997-02-15,2年316万美元，2018年夏天签，2020年夏天到期，2019年无保证,151,2.01米/6尺7,F-G,小德里克-琼斯,5,迈阿密热火,86公斤/190磅
1991-07-29,3年250万美元，2016年夏天签，2019年夏天到期；2016-17赛季10万美元保障，2016年7月30日之前不被裁则转为15万美元保障，常规赛开赛前不被裁则转为30万美元保障，2016年11月3,105,1.93米/6尺4,G-F,罗德尼-麦格鲁德,17,迈阿密热火,93公斤/205磅
1996-08-14,双向合同,7,2.03米/6尺8,F,亚特-马滕,00,迈阿密热火,109公斤/240磅
1994-04-22,双向合同,7,2.03米/6尺8,F,邓肯-罗宾逊,55,迈阿密热火,98公斤/215磅
1995-09-16,4年8000万美元，2018年夏天签，2022年夏天到期,2159,2.06米/6尺9,F,阿龙-戈登,00,奥兰多魔术,100公斤/220磅
1992-10-29,5年8500万，2016年夏天签，2021年夏天到期，2020-21赛季球员选项,1700,2.01米/6尺7,G-F,埃文-富尼耶,10,奥兰多魔术,93公斤/205磅
1986-07-16,4年6400万美元，2016年夏天签，2020年夏天到期,1634,2.16米/7尺1,C,季莫费-莫兹戈夫,21,奥兰多魔术,125公斤/275磅
1990-10-24,4年5300万美元，2015年夏天签，2019年夏天到期，400万不易达到的激励奖金,1275,2.13米/7尺0,C,尼古拉-武切维奇,9,奥兰多魔术,118公斤/260磅
1991-02-05,3年3150万美元，2015年11月签，2016年夏天生效，2019年夏天到期,1050,2.01米/6尺7,G-F,特伦斯-罗斯,31,奥兰多魔术,88公斤/195磅
1998-05-29,4年3740万美元，2017年夏天签，2021年夏天到期，2019-20、2020-21赛季球队选项,834,1.93米/6尺4,G,马克尔-富尔茨,20,奥兰多魔术,86公斤/190磅
1987-11-10,4年2900万美元，2016年夏天签，2020年夏天到期,725,1.83米/6尺0,G,DJ-奥古斯丁,14,奥兰多魔术,83公斤/183磅
1997-10-03,4年2232万美元，2017年夏天签，2021年夏天到期，2019-20、2020-21赛季球队选项,497,2.08米/6尺10,F,乔纳森-艾萨克,1,奥兰多魔术,95公斤/210磅
1998-05-12,4年2410万美元，2018年夏天签，2022年夏天到期，2020年和2021年球队选项,486,2.16米/7尺1,C,穆罕默德-班巴,5,奥兰多魔术,102公斤/225磅
1992-10-09,4年960万美元，2015年夏天签，2019年夏天到期，2017-18赛季、2018-19赛季球队选项,326,1.93米/6尺4,G,杰里安-格兰特,22,奥兰多魔术,90公斤/198磅
1994-05-24,4年627万美元，2015年夏天签，2019年夏天到期，2017-18赛季、2018-19赛季球队选项,242,2.08米/6尺10,F,贾雷尔-马丁,2,奥兰多魔术,108公斤/239磅
1992-09-28,2年219万美元，2017年夏天签，2019年夏天到期，2017-18赛季2.5万美元保障，常规赛开赛前不被裁则转为40.8万美元保障（已转为40.8万美元保障）；2018-19赛季无保障，2018年,138,2.06米/6尺9,C-F,肯-伯奇,24,奥兰多魔术,100公斤/220磅
1994-12-20,3年405万美元，2017年夏天签，2020年夏天到期，2019-20赛季球队选项,138,2.01米/6尺7,F,韦斯利-艾旺杜,25,奥兰多魔术,93公斤/205磅
1996-08-30,4年621万美元，2018年夏天签，2022年夏天到期，2021年球队选项,105,1.98米/6尺6,F-G,梅尔文-弗雷泽,35,奥兰多魔术,91公斤/201磅
1996-04-13,4年600万美元，2018年夏天签，2022年夏天到期，2019年1月10日前不被裁则2018-19赛季全额保障，否则50万美元保障；2019-20赛季无保障，2019年7月15日前不被裁则50万美元,84,1.91米/6尺3,G,以赛亚-布里斯科,13,奥兰多魔术,91公斤/200磅
1995-11-29,双向合同,7,1.93米/6尺4,G,特洛伊-科佩恩,3,奥兰多魔术,95公斤/210磅
1993-05-07,双向合同,7,2.06米/6尺9,F,阿米尔-杰弗森,11,奥兰多魔术,102公斤/224磅
1991-10-10,,,1.98米/6尺6,G,迈克尔-卡特-威廉姆斯,7,奥兰多魔术,86公斤/190磅
1988-12-14,5年1.2亿美元，2016年夏天签，2021年夏天到期，2020-21赛季球员选项,2400,2.03米/6尺8,G-F,尼古拉斯-巴图姆,5,夏洛特黄蜂,91公斤/200磅
1992-08-28,4年7200万美元，2016年夏天签，2020年夏天到期，2019-20赛季球员选项，400万美元激励奖金,1700,2.06米/6尺9,C,俾斯麦-比永博,8,夏洛特黄蜂,116公斤/255磅
1986-06-19,4年5451万美元，2016年夏天签，2020年夏天到期，2019-20赛季球员选项,1409,2.06米/6尺9,F,马文-威廉姆斯,2,夏洛特黄蜂,107公斤/237磅
1992-10-05,4年1740万美元，2013年夏天签，2017年夏天到期，2016年10月以4年5600万美元续约，2017年夏天生效，2021年夏天到期,1353,2.13米/7尺0,C,科迪-泽勒,40,夏洛特黄蜂,109公斤/240磅
1993-09-26,4年5200万美元，2015年夏天签，2016年夏天生效，2020年夏天到期，2019-20赛季球员选项,1300,2.01米/6尺7,F,迈克尔-基德-吉尔克里斯特,14,夏洛特黄蜂,105公斤/232磅
1990-05-08,4年4800万美元，2014年10月份签，2015年夏天生效，2019年夏天到期,1200,1.85米/6尺1,G,肯巴-沃克,15,夏洛特黄蜂,83公斤/184磅
1992-05-30,3年2100万美元，2015年11月签，2016年夏天生效，2019年夏天到期,749,1.96米/6尺5,G,杰里米-兰姆,3,夏洛特黄蜂,84公斤/185磅
1982-05-17,2年1000万美元，2018年夏天签，2020年夏天到期，其中500万受保障，2019-20赛季无保障，如果在7月3日前未被裁则受保障,500,1.88米/6尺2,G,托尼-帕克,9,夏洛特黄蜂,84公斤/185磅
1993-04-04,4年1222万美元，2015年夏天签，2019年夏天到期，2017-18赛季、2018-19赛季球队选项,363,2.13米/7尺0,F-C,弗兰克-卡明斯基,44,夏洛特黄蜂,109公斤/240磅
1998-02-04,4年1572万美元，2017年夏天签，2021年夏天到期,345,1.91米/6尺3,G,马利克-蒙克,1,夏洛特黄蜂,91公斤/200磅
1998-03-21,4年1572万美元，2018年夏天签，2022年夏天到期，2020-21赛季、2021-22赛季球队选项,320,2.01米/6尺7,F,迈尔斯-布里奇斯,0,夏洛特黄蜂,102公斤/225磅
1990-04-22,1年203万美元，2018年夏天签，2019年夏天到期,203,1.91米/6尺3,G,谢尔文-麦克,6,夏洛特黄蜂,92公斤/203磅
1994-05-27,4年586万美元，2016年夏天签，2020年夏天到期，2019-20赛季无保障,150,2.11米/6尺11,C,吉列尔莫-埃尔南戈麦斯,41,夏洛特黄蜂,109公斤/240磅
1995-08-30,3年381万美元，2017年夏天签，2020年夏天到期，2019-20赛季无保障，2019年8月1日前不被裁则转为全额保障,138,2.01米/6尺7,G-F,德维恩-培根,7,夏洛特黄蜂,100公斤/220磅
1995-02-22,3年407万美元，2018年夏天签，2021年夏天到期，其中240万受保障，2020-21赛季无保障，如果在7月7日前未被裁则受保障,99,1.88米/6尺2,G,德文特-格雷厄姆,4,夏洛特黄蜂,84公斤/185磅
1995-11-01,双向合同,7,1.93米/6尺4,G,乔-奇利,31,夏洛特黄蜂,86公斤/190磅
1995-06-05,双向合同,7,1.96米/6尺5,G,JP-马楚拉,55,夏洛特黄蜂,92公斤/203磅
1993-06-28,5年1.27亿美元，2016年夏天签，2021年夏天到期,2543,1.96米/6尺5,G,布拉德利-比尔,3,华盛顿奇才,94公斤/207磅
1995-03-15,2年4000万美元，2018年夏天签，2020年夏天到期,2000,2.03米/6尺8,F,贾巴里-帕克,12,华盛顿奇才,113公斤/250磅
1990-09-06,5年8478万，2013年夏天签，2014年夏天生效，2019年夏天到期；2017年夏天以4年1.7亿美元提前续约至2023年，2022-23赛季球员选项,1917,1.93米/6尺4,G,约翰-沃尔,2,华盛顿奇才,95公斤/210磅
1986-11-05,4年6400万美元，2016年夏天签，2020年夏天到期,1594,2.11米/6尺11,C,伊安-马辛米,28,华盛顿奇才,119公斤/262磅
1985-06-30,1年1500万美元，2018年夏天签，2019年夏天到期,1500,2.03米/6尺8,F,特雷沃-阿里扎,1,华盛顿奇才,98公斤/215磅
1987-07-11,3年1764万美元，2016年夏天签，2019年夏天到期,613,2.01米/6尺7,F,韦斯利-约翰逊,4,华盛顿奇才,98公斤/215磅
1985-12-08,2年1094万美元，2018年夏天签，2020年夏天到期，2019-20赛季球员选项,534,2.11米/6尺11,C,德怀特-霍华德,21,华盛顿奇才,120公斤/265磅
1991-10-30,3年900万美元，2016年夏天签，2019年夏天到期,313,2.01米/6尺7,G-F,托马什-萨托兰斯基,31,华盛顿奇才,95公斤/210磅
1994-05-08,4年792万美元，2015年夏天签，2019年夏天到期，2017-18赛季、2018-19赛季球队选项,276,2.06米/6尺9,F,萨姆-德克尔,8,华盛顿奇才,104公斤/230磅
1999-07-28,4年1451万美元，2018年夏天签，2022年夏天到期，2020和2021年球队选项,275,2.01米/6尺7,F,特洛伊-布朗,6,华盛顿奇才,98公斤/215磅
1995-02-10,4年686万美元，2015年夏天签，2019年夏天到期，2017-18赛季、2018-19赛季球队选项,249,2.11米/6尺11,F,博比-波蒂斯,5,华盛顿奇才,112公斤/246磅
1986-08-28,1年239万美元，2018年夏天签，2019年夏天到期,239,2.06米/6尺9,F,杰夫-格林,32,华盛顿奇才,107公斤/235磅
1997-07-31,2年219万美元，2017年夏天签，2019年夏天到期,138,2.08米/6尺10,C,托马斯-布莱恩特,13,华盛顿奇才,112公斤/248磅
1993-02-05,1年87万美元，2018年12月签，2019年夏天到期,87,1.88米/6尺2,G,沙松-兰德尔,9,华盛顿奇才,84公斤/185磅
1995-03-07,双向合同,7,2.03米/6尺8,F,德文-罗宾逊,7,华盛顿奇才,91公斤/200磅
1991-03-28,双向合同,7,1.96米/6尺5,G,乔丹-麦克雷,52,华盛顿奇才,81公斤/179磅
1989-07-01,4年7000万美元，2016年夏天签，2020年夏天到期，2019-20赛季球员选项,1809,1.96米/6尺5,G,肯特-贝兹莫尔,24,亚特兰大老鹰,91公斤/201磅
1988-09-01,4年5000万，2016年夏天签，2020年夏天到期，每年60万美元不易达到的激励奖金,1250,2.11米/6尺11,C,迈尔斯-普拉姆利,18,亚特兰大老鹰,113公斤/249磅
1989-08-12,2年1410万美元，其中包含每年90万美元的激励奖金。2017年夏天签，2019年夏天到期。,630,2.13米/7尺0,C,德维恩-戴德蒙,14,亚特兰大老鹰,111公斤/245磅
1998-09-19,4年2653万美元，2018年夏天签，2022年夏天到期，2020和2021年球队选项,536,1.88米/6尺2,G,特雷-杨,11,亚特兰大老鹰,82公斤/180磅
1993-06-16,2年850万美元，2018年夏天签，2020年夏天到期,415,2.16米/7尺1,C,亚历克斯-莱恩,25,亚特兰大老鹰,118公斤/260磅
1994-03-22,4年1075万美元，2016年夏天签，2020年夏天到期，2018-19赛季、2019-20赛季球队选项,253,2.03米/6尺8,F,托里恩-普林斯,12,亚特兰大老鹰,100公斤/220磅
1993-11-19,4年706万美元，2015年夏天签，2019年夏天到期，2017-18赛季、2018-19赛季球队选项,252,1.98米/6尺6,G-F,贾斯廷-安德森,1,亚特兰大老鹰,103公斤/228磅
1977-01-26,1年239万美元，2018年夏天签，2019年夏天到期,239,1.98米/6尺6,G-F,文斯-卡特,15,亚特兰大老鹰,100公斤/220磅
1997-09-23,4年1106万美元，2017年夏天签，2021年夏天到期，2019-20、2020-21赛季球队选项,230,2.08米/6尺10,F-C,约翰-科林斯,20,亚特兰大老鹰,107公斤/235磅
1998-08-27,4年1190万美元，2018年夏天签，2022年夏天到期，2020和2021年球队选项,225,2.01米/6尺7,G,凯文-赫尔特,3,亚特兰大老鹰,86公斤/190磅
1994-07-04,4年731万美元，2016年夏天签，2020年夏天到期，2018-19赛季、2019-20赛季球队选项,163,1.98米/6尺6,F,德安德烈-本布里,95,亚特兰大老鹰,95公斤/210磅
1997-07-21,4年909万美元，2018年夏天签，2022年夏天到期，2020和2021年球队选项,162,2.06米/6尺9,F,奥马里-斯佩尔曼,6,亚特兰大老鹰,111公斤/245磅
1996-05-04,双向合同,7,1.88米/6尺2,G,杰伦-亚当斯,10,亚特兰大老鹰,102公斤/225磅
1993-09-06,双向合同,7,2.01米/6尺7,F,亚历克斯-波伊思雷斯,22,亚特兰大老鹰,108公斤/238磅
1998-01-05,,,2.13米/7尺0,F-C,,8,亚特兰大老鹰,116公斤/255磅
1996-12-02,,,2.08米/6尺10,F,德扬泰-戴维斯,4,亚特兰大老鹰,109公斤/240磅
1994-12-06,4年1亿美元。2017年夏天签，2021年夏天到期。,2416,2.11米/6尺11,F,扬尼斯-阿德托昆博,34,密尔沃基雄鹿,101公斤/222磅
1986-05-04,3年5700万美元，2017年夏天签，2020年夏天到期，4000万美元保障，2019-20赛季100万美元保障,1900,1.91米/6尺3,G,乔治-希尔,3,密尔沃基雄鹿,85公斤/188磅
1980-07-06,3年4800万美元，2017年夏天签，2020年夏天到期，2019-20赛季670万美元保障,1600,2.13米/7尺0,C-F,保罗-加索尔,17,密尔沃基雄鹿,113公斤/250磅
1989-12-09,5年7000万美元，2014年夏天签，2019年夏天到期,1500,1.85米/6尺1,G,埃里克-布莱索,6,密尔沃基雄鹿,93公斤/205磅
1991-08-12,5年7000万美元，2015年夏天签，2019-20赛季球员选项，2020年夏天到期,1300,2.03米/6尺8,F-G,克里斯-米德尔顿,22,密尔沃基雄鹿,106公斤/234磅
1991-02-11,2年2500万美元，2017年夏天签，2019年夏天到期，2018-19赛季球队选项，2017-18赛季拥有交易否决权,1250,2.08米/6尺10,F,尼古拉-米罗蒂奇,41,密尔沃基雄鹿,108公斤/238磅
1991-11-10,4年4600万美元，2017年夏天签，2021年夏天到期，2020-2021赛季球员选项,1061,2.01米/6尺7,G,托尼-斯内尔,21,密尔沃基雄鹿,98公斤/217磅
1987-05-15,3年2100万美元，2018年夏天签，2021年夏天到期，2020-21赛季无保障,700,2.08米/6尺10,F,艾森-伊利亚索瓦,77,密尔沃基雄鹿,107公斤/235磅
1988-04-01,1年338万美元，2018年夏天签，2019年夏天到期,338,2.13米/7尺0,C,布鲁克-洛佩斯,11,密尔沃基雄鹿,122公斤/268磅
1996-02-19,4年1218万美元，2017年夏天签，2021年夏天到期，2019-20、2020-21赛季球队选项,253,2.08米/6尺10,F,DJ-威尔森,5,密尔沃基雄鹿,109公斤/240磅
1997-01-31,4年1309万美元，2018年夏天签，2022年夏天到期，2020和2021年球队选项,248,1.96米/6尺5,G,唐特-迪温琴佐,9,密尔沃基雄鹿,93公斤/205磅
1993-01-06,2年336万美元，2018年夏天签，2020年夏天到期,164,1.96米/6尺5,G-F,帕特-康诺顿,24,密尔沃基雄鹿,95公斤/210磅
1992-12-11,3年378万美元，2016年夏天签，2019年夏天到期， 2018-2019赛季无保障，2018年6月30日之前不被裁则转为全额保障,154,1.96米/6尺5,G,马尔科姆-布罗格登,13,密尔沃基雄鹿,98公斤/215磅
1995-02-10,3年381万美元，2017年夏天签，2020年夏天到期,138,1.98米/6尺6,G,斯特林-布朗,23,密尔沃基雄鹿,104公斤/230磅
1996-01-12,双向合同,7,1.98米/6尺6,F,邦齐-科尔森,50,密尔沃基雄鹿,102公斤/224磅
1990-11-01,,,1.85米/6尺1,G,蒂姆-弗雷泽,12,密尔沃基雄鹿,77公斤/170磅
1992-05-04,4年2138万，2013年夏天签，2017年夏天到期，2016年10月以4年8400万美元提前续约，2017年夏天生效，2021年夏天到期，每年25万不易达到的激励奖金,2100,1.93米/6尺4,G,维克托-奥拉迪波,4,印第安纳步行者,95公斤/210磅
1988-06-21,4年5400万美元，2015年夏天签，2019年夏天到期，2018-19赛季球员选项，包含15%交易保证金,1376,2.03米/6尺8,F,赛迪斯-杨,21,印第安纳步行者,100公斤/221磅
1989-09-19,1年1230万美元，2018年夏天签，2019年夏天到期,1230,1.98米/6尺6,G,泰瑞克-埃文斯,12,印第安纳步行者,100公斤/220磅
1987-08-23,2年2000万美元，2017年夏天签，2019年夏天到期，2018-19赛季200万美元保障,1000,1.83米/6尺0,G,达伦-科里森,2,印第安纳步行者,79公斤/175磅
1991-08-20,4年2989万美元，2015年夏天签，2019年夏天到期,795,1.91米/6尺3,G,科里-约瑟夫,6,印第安纳步行者,86公斤/190磅
1992-01-03,3年2200万美元，2018年夏天签，2021年夏天到期,733,2.03米/6尺8,F,道格-麦克德莫特,20,印第安纳步行者,99公斤/219磅
1990-03-26,1年445万美元，2018年夏天签，2019年夏天到期,445,2.08米/6尺10,C,凯尔-奥奎因,10,印第安纳步行者,113公斤/250磅
1996-03-24,,341,2.11米/6尺11,C-F,迈尔斯-特纳,33,印第安纳步行者,110公斤/243磅
1996-05-03,4年1118万美元，2016年夏天签，2020年夏天到期，2018-19赛季、2019-20赛季球队选项,266,2.11米/6尺11,F,多曼塔斯-萨博尼斯,11,印第安纳步行者,109公斤/240磅
1997-04-30,4年1158万美元，2017年夏天签，2021年夏天到期，2019-20、2020-21赛季球队选项,241,2.08米/6尺10,F,TJ-利夫,22,印第安纳步行者,102公斤/225磅
1996-09-30,4年1047万美元，2018年夏天签，2022年夏天到期，2020和2021年球队选项,191,1.85米/6尺1,G,阿龙-霍勒迪,3,印第安纳步行者,84公斤/185磅
1996-04-22,2年225万美元，2018年夏天签，2020年夏天到期，其中包含84万的保证金,84,2.06米/6尺9,F,阿利兹-约翰逊 ,24,印第安纳步行者,91公斤/201磅
1986-10-14,1年74万美元，2019年2月签，2019年夏天到期,74,1.96米/6尺5,G,韦斯利-马修斯,23,印第安纳步行者,100公斤/220磅
1995-12-31,2年204万美元，2019年2月签，2020年夏天到期，2019-20赛季无保障,45,1.96米/6尺5,G,埃德蒙-萨姆纳,5,印第安纳步行者,84公斤/185磅
1995-06-11,双向合同,7,1.98米/6尺6,G,达文-里德,32,印第安纳步行者,100公斤/220磅
1989-04-18,,,2.03米/6尺8,F,博扬-波格丹诺维奇,44,印第安纳步行者,102公斤/225磅
1989-03-16,5年1.71亿美元，2017年夏天签，2022年夏天到，2021-22赛季球员选项,3187,2.08米/6尺10,F,布雷克-格里芬,23,底特律活塞,114公斤/251磅
1993-08-10,5年1.3亿美元，2016年夏天签，2021年夏天到期，2020-21赛季球员选项,2543,2.11米/6尺11,C,安德烈-德拉蒙德,0,底特律活塞,127公斤/279磅
1990-04-16,5年8000万美元，2015年夏天签，2020年夏天到期,1704,1.91米/6尺3,G,雷吉-杰克逊,1,底特律活塞,94公斤/208磅
1989-05-14,4年4200万美元，2016年夏天签，2020年夏天到期,1000,2.08米/6尺10,F,乔恩-洛伊尔,30,底特律活塞,103公斤/228磅
1991-12-09,3年2100万美元，2017年夏天签，2020年夏天到期,700,1.88米/6尺2,G,兰斯顿-加洛韦,9,底特律活塞,91公斤/200磅
1988-07-05,3年1800万美元，2016年夏天签，2019年夏天到期,600,1.83米/6尺0,G,伊斯梅尔-史密斯,14,底特律活塞,79公斤/175磅
1994-01-08,1年407万美元，2018年夏天签，2019年夏天到期,407,1.98米/6尺6,G-F,格伦-罗宾逊三世,22,底特律活塞,101公斤/222磅
1996-06-24,4年1514万美元，2017年夏天签，2021年夏天到期，2019-20、2020-21赛季球队选项,328,1.96米/6尺5,G,卢克-肯纳德,5,底特律活塞,91公斤/200磅
1997-02-25,4年931万美元，2016年夏天签，2020年夏天到期，2018-19赛季、2019-20赛季球队选项,280,2.16米/7尺1,C-F,索恩-梅克,7,底特律活塞,101公斤/223磅
1981-09-28,1年239万美元，2018年夏天签，2019年夏天到期,239,1.91米/6尺3,G,何塞-卡尔德隆,81,底特律活塞,91公斤/200磅
1984-02-10,1年239万美元，2018年夏天签，2019年夏天到期,239,2.11米/6尺11,C,扎扎-帕楚里亚,27,底特律活塞,125公斤/275磅
1987-11-29,1年238万美元，2019年2月签，2019年夏天到期,238,1.93米/6尺4,G,韦恩-艾灵顿,20,底特律活塞,91公斤/200磅
1997-06-10,3年457万美元，2018年夏天签，2021年夏天到期，2019-20、2020-21赛季无保障，2019年7月5日、2020年7月5日前不被裁则当赛季转为全额保障,149,2.03米/6尺8,F,斯维亚托斯拉夫-米哈伊柳克,19,底特律活塞,87公斤/192磅
1996-08-15,3年392万美元，2018年夏天签，2021年夏天到期，2020-21赛季无保障，2020年7月10日前不被裁则全额保障,84,1.96米/6尺5,G,布鲁斯-布朗,6,底特律活塞,86公斤/190磅
1996-05-08,1年84万美元，2018年夏天签，2019年夏天到期,84,1.91米/6尺3,G,凯里-托马斯,13,底特律活塞,95公斤/210磅
1989-05-24,双向合同,7,1.85米/6尺1,G,卡林-卢卡斯,24,底特律活塞,88公斤/195磅
1995-03-08,双向合同,7,1.93米/6尺4,G,以赛亚-怀特黑德,12,底特律活塞,97公斤/213磅
1993-06-03,4年1.06亿美元，2017年夏天签，2021年夏天到期，2020-2021赛季球员选项,2601,2.03米/6尺8,F,奥托-波特,22,芝加哥公牛,90公斤/198磅
1995-03-10,4年7800万美元，2018年夏天签，2022年夏天到期,1950,1.96米/6尺5,G,扎克-拉文,8,芝加哥公牛,84公斤/185磅
1988-04-01,4年5400万美元，2015年夏天签，2019年夏天到期,1436,2.13米/7尺0,C,罗宾-洛佩斯,42,芝加哥公牛,116公斤/255磅
1992-07-07,4年3200万美元，2017年夏天签，2021年夏天到期,847,2.06米/6尺9,F-C,克里斯蒂亚诺-费利西奥,6,芝加哥公牛,121公斤/266磅
1997-05-22,4年2039万美元，2017年夏天签，2021年夏天到期，2019-2020、2020-2021赛季球队选项,454,2.13米/7尺0,F,劳里-马尔卡宁,24,芝加哥公牛,104公斤/230磅
1999-04-16,4年2201万美元，2018年夏天签，2022年夏天到期，2020和2021年球队选项,444,2.08米/6尺10,F,温德尔-卡特,34,芝加哥公牛,117公斤/259磅
1994-03-18,4年1749万美元，2016年夏天签，2020年夏天到期，2018-19赛季、2019-20赛季球队选项,422,1.93米/6尺4,G,克里斯-邓恩,32,芝加哥公牛,93公斤/205磅
1993-11-16,4年805万美元，2016年夏天签，2020年夏天到期，2018-19赛季、2019-20赛季球队选项,228,1.98米/6尺6,G,登泽尔-瓦伦丁,45,芝加哥公牛,96公斤/212磅
1996-04-26,4年1078万美元，2018年夏天签，2022年夏天到期，2020和2021年球队选项,199,2.01米/6尺7,F,钱德勒-哈奇森,15,芝加哥公牛,89公斤/196磅
1994-09-30,2年286万美元，2017年夏天签，2019年夏天到期，2018-19赛季无保障 ,154,1.96米/6尺5,G-F,韦恩-塞尔登,14,芝加哥公牛,104公斤/230磅
1995-05-09,4年669万美元，2016年夏天签，2020年夏天到期，2018-19、2019-20赛季球队选项,145,1.98米/6尺6,G-F,蒂莫泰-卢瓦乌-卡巴罗,7,芝加哥公牛,93公斤/205磅
1996-10-04,2年294万美元，2018年夏天签，2020年夏天到期,135,1.93米/6尺4,G,安东尼奥-布莱克尼,9,芝加哥公牛,89公斤/197磅
1994-03-26,1年135万美元，2018年夏天签，2019年夏天到期，部分保证,135,1.91米/6尺3,G,里安-阿尔奇迪亚科诺,51,芝加哥公牛,88公斤/195磅
1993-10-06,1年131万美元，2018年夏天签，2019年夏天到期,131,1.91米/6尺3,G,沙奎尔-哈里森,3,芝加哥公牛,86公斤/189磅
1997-05-01,双向合同,7,1.96米/6尺5,G,布兰登-桑普森,44,芝加哥公牛,83公斤/184磅
1997-10-29,双向合同,7,1.96米/6尺5,G,罗尔-阿尔金斯,20,芝加哥公牛,100公斤/220磅
1992-07-26,,,1.91米/6尺3,G,沃尔特-莱蒙,25,芝加哥公牛,82公斤/180磅
1993-03-20,,,2.06米/6尺9,F,亚卡尔-桑普森,41,芝加哥公牛,97公斤/214磅
1988-09-07,5年1.13亿美元，2015年夏天签，2020年夏天到期。2018年7月，以4年1.2亿美元提前续约，2019年夏天生效，2023年夏天到期,2412,2.08米/6尺10,F-C,凯文-乐福,0,克利夫兰骑士,114公斤/251磅
1991-03-13,5年8200万美元，2015年夏天签，2020年夏天到期,1747,2.06米/6尺9,C-F,特里斯坦-汤普森,13,克利夫兰骑士,108公斤/238磅
1985-09-09,4年5700万美元。2016年夏天签，2020年夏天到期。,1472,1.98米/6尺6,G-F,JR-史密斯,5,克利夫兰骑士,102公斤/225磅
1991-12-02,5年7000万美元，2015年夏天签，2020年夏天到期,1463,1.91米/6尺3,G,布兰登-奈特,20,克利夫兰骑士,88公斤/195磅
1992-06-07,4年5000万美元，2016年夏天签，2020年夏天到期,1250,1.96米/6尺5,G,乔丹-克拉克森,8,克利夫兰骑士,88公斤/194磅
1990-12-28,4年4400万美元，2015年10月签，2016年夏天生效，2020年夏天到期,1058,2.11米/6尺11,C-F,约翰-亨森,31,克利夫兰骑士,104公斤/229磅
1990-09-08,4年3840万美元，2016年夏天签，2020年夏天到期,960,1.93米/6尺4,G,马修-戴拉维多瓦,18,克利夫兰骑士,90公斤/198磅
1999-01-04,4年2017万美元，2018年夏天签，2022年夏天到期，2020和2021年球队选项,407,1.91米/6尺3,G,科林-塞克斯顿,2,克利夫兰骑士,86公斤/190磅
1997-07-02,4年1330万美元，2016年夏天签，2020年夏天到期，2018-19赛季、2019-20赛季球队选项,321,2.08米/6尺10,F,马基斯-克里斯,3,克利夫兰骑士,106公斤/233磅
1995-04-08,3年832万美元，2017年夏天签，2020年夏天到期,278,2.03米/6尺8,F,切迪-奥斯曼,16,克利夫兰骑士,98公斤/215磅
1983-05-17,1年239万美元，2018年夏天签，2019年夏天到期,239,2.11米/6尺11,F-C,钱宁-弗莱,9,克利夫兰骑士,116公斤/255磅
1993-01-01,,227,2.06米/6尺9,F,小拉里-南斯,22,克利夫兰骑士,104公斤/230磅
1997-01-04,4年975万美元，2017年夏天签，2021年夏天到期，2019-2020、2020-2021赛季球队选项,195,2.11米/6尺11,C,安特-日日奇,41,克利夫兰骑士,113公斤/250磅
1993-01-14,1年151万美元。2018年夏天签，2019年夏天到期。,151,1.93米/6尺4,G,大卫-努瓦巴,12,克利夫兰骑士,95公斤/209磅
1993-10-07,1年54万美元，2019年2月签，2019年夏天到期,54,1.98米/6尺6,G,尼克-斯陶斯卡斯,1,克利夫兰骑士,93公斤/205磅
1997-02-01,双向合同,7,2.01米/6尺7,F,邓-阿德尔,32,克利夫兰骑士,91公斤/200磅
1993-09-16,双向合同,7,2.01米/6尺7,F,杰朗-布洛瑟姆盖姆,4,克利夫兰骑士,100公斤/220磅
